season,url,brand
Fall 2013 Ready To Wear,https://www.vogue.com/fashion-shows/fall-2013-ready-to-wear/a-degree-fahrenheit, A Degree Fahrenheit
Fall 2013 Ready To Wear,https://www.vogue.com/fashion-shows/fall-2013-ready-to-wear/a-detacher, A Détacher
Fall 2013 Ready To Wear,https://www.vogue.com/fashion-shows/fall-2013-ready-to-wear/a-f-vandevorst, A.F. Vandevorst
Fall 2013 Ready To Wear,https://www.vogue.com/fashion-shows/fall-2013-ready-to-wear/a-l-c-, A.L.C.
Fall 2013 Ready To Wear,https://www.vogue.com/fashion-shows/fall-2013-ready-to-wear/a-p-c-, A.P.C.
Fall 2013 Ready To Wear,https://www.vogue.com/fashion-shows/fall-2013-ready-to-wear/a-w-a-k-e-mode, A.W.A.K.E. Mode
Fall 2013 Ready To Wear,https://www.vogue.com/fashion-shows/fall-2013-ready-to-wear/acne-studios, Acne Studios
Fall 2013 Ready To Wear,https://www.vogue.com/fashion-shows/fall-2013-ready-to-wear/adam-lippes, Adam Lippes
Fall 2013 Ready To Wear,https://www.vogue.com/fashion-shows/fall-2013-ready-to-wear/aje, Aje
Fall 2013 Ready To Wear,https://www.vogue.com/fashion-shows/fall-2013-ready-to-wear/akris, Akris
Fall 2013 Ready To Wear,https://www.vogue.com/fashion-shows/fall-2013-ready-to-wear/alberta-ferretti, Alberta Ferretti
Fall 2013 Ready To Wear,https://www.vogue.com/fashion-shows/fall-2013-ready-to-wear/albino-teodoro, Albino Teodoro
Fall 2013 Ready To Wear,https://www.vogue.com/fashion-shows/fall-2013-ready-to-wear/alessandra-rich, Alessandra Rich
Fall 2013 Ready To Wear,https://www.vogue.com/fashion-shows/fall-2013-ready-to-wear/alex-perry, Alex Perry
Fall 2013 Ready To Wear,https://www.vogue.com/fashion-shows/fall-2013-ready-to-wear/alexander-wang, Alexander Wang
Fall 2013 Ready To Wear,https://www.vogue.com/fashion-shows/fall-2013-ready-to-wear/alexandre-herchcovitch, Alexandre Herchcovitch
Fall 2013 Ready To Wear,https://www.vogue.com/fashion-shows/fall-2013-ready-to-wear/alexis-mabille, Alexis Mabille
Fall 2013 Ready To Wear,https://www.vogue.com/fashion-shows/fall-2013-ready-to-wear/alice-+-olivia, Alice + Olivia
Fall 2013 Ready To Wear,https://www.vogue.com/fashion-shows/fall-2013-ready-to-wear/alice-mccall, Alice McCall
Fall 2013 Ready To Wear,https://www.vogue.com/fashion-shows/fall-2013-ready-to-wear/altewaisaome, AltewaiSaome
Fall 2013 Ready To Wear,https://www.vogue.com/fashion-shows/fall-2013-ready-to-wear/altuzarra, Altuzarra
Fall 2013 Ready To Wear,https://www.vogue.com/fashion-shows/fall-2013-ready-to-wear/andreas-kronthaler-for-vivienne-westwood, Andreas Kronthaler for Vivienne Westwood
Fall 2013 Ready To Wear,https://www.vogue.com/fashion-shows/fall-2013-ready-to-wear/andrew-gn, Andrew Gn
Fall 2013 Ready To Wear,https://www.vogue.com/fashion-shows/fall-2013-ready-to-wear/anja-gockel, Anja Gockel
Fall 2013 Ready To Wear,https://www.vogue.com/fashion-shows/fall-2013-ready-to-wear/ann-demeulemeester, Ann Demeulemeester
Fall 2013 Ready To Wear,https://www.vogue.com/fashion-shows/fall-2013-ready-to-wear/ann-sofie-back-atelje, Ann-Sofie Back Atelje
Fall 2013 Ready To Wear,https://www.vogue.com/fashion-shows/fall-2013-ready-to-wear/anna-sui, Anna Sui
Fall 2013 Ready To Wear,https://www.vogue.com/fashion-shows/fall-2013-ready-to-wear/anne-sofie-madsen, Anne Sofie Madsen
Fall 2013 Ready To Wear,https://www.vogue.com/fashion-shows/fall-2013-ready-to-wear/anne-valerie-hash, Anne Valérie Hash
Fall 2013 Ready To Wear,https://www.vogue.com/fashion-shows/fall-2013-ready-to-wear/anrealage, Anrealage
Fall 2013 Ready To Wear,https://www.vogue.com/fashion-shows/fall-2013-ready-to-wear/anthony-vaccarello, Anthony Vaccarello
Fall 2013 Ready To Wear,https://www.vogue.com/fashion-shows/fall-2013-ready-to-wear/antonio-berardi, Antonio Berardi
Fall 2013 Ready To Wear,https://www.vogue.com/fashion-shows/fall-2013-ready-to-wear/antonio-marras, Antonio Marras
Fall 2013 Ready To Wear,https://www.vogue.com/fashion-shows/fall-2013-ready-to-wear/apiece-apart, Apiece Apart
Fall 2013 Ready To Wear,https://www.vogue.com/fashion-shows/fall-2013-ready-to-wear/aquilano-rimondi, Aquilano.Rimondi
Fall 2013 Ready To Wear,https://www.vogue.com/fashion-shows/fall-2013-ready-to-wear/araisara, Araisara
Fall 2013 Ready To Wear,https://www.vogue.com/fashion-shows/fall-2013-ready-to-wear/araks, Araks
Fall 2013 Ready To Wear,https://www.vogue.com/fashion-shows/fall-2013-ready-to-wear/ariunaa-suri, Ariunaa Suri
Fall 2013 Ready To Wear,https://www.vogue.com/fashion-shows/fall-2013-ready-to-wear/ashish, Ashish
Fall 2013 Ready To Wear,https://www.vogue.com/fashion-shows/fall-2013-ready-to-wear/assembly-new-york, Assembly New York
Fall 2013 Ready To Wear,https://www.vogue.com/fashion-shows/fall-2013-ready-to-wear/atsushi-nakashima, Atsushi Nakashima
Fall 2013 Ready To Wear,https://www.vogue.com/fashion-shows/fall-2013-ready-to-wear/augustin-teboul, Augustin Teboul
Fall 2013 Ready To Wear,https://www.vogue.com/fashion-shows/fall-2013-ready-to-wear/azzaro, Azzaro
Fall 2013 Ready To Wear,https://www.vogue.com/fashion-shows/fall-2013-ready-to-wear/back, Back
Fall 2013 Ready To Wear,https://www.vogue.com/fashion-shows/fall-2013-ready-to-wear/badgley-mischka, Badgley Mischka
Fall 2013 Ready To Wear,https://www.vogue.com/fashion-shows/fall-2013-ready-to-wear/balenciaga, Balenciaga
Fall 2013 Ready To Wear,https://www.vogue.com/fashion-shows/fall-2013-ready-to-wear/bally, Bally
Fall 2013 Ready To Wear,https://www.vogue.com/fashion-shows/fall-2013-ready-to-wear/balmain, Balmain
Fall 2013 Ready To Wear,https://www.vogue.com/fashion-shows/fall-2013-ready-to-wear/banana-republic, Banana Republic
Fall 2013 Ready To Wear,https://www.vogue.com/fashion-shows/fall-2013-ready-to-wear/band-of-outsiders, Band of Outsiders
Fall 2013 Ready To Wear,https://www.vogue.com/fashion-shows/fall-2013-ready-to-wear/barbara-bui, Barbara Bui
Fall 2013 Ready To Wear,https://www.vogue.com/fashion-shows/fall-2013-ready-to-wear/barbara-casasola, Barbara Casasola
Fall 2013 Ready To Wear,https://www.vogue.com/fashion-shows/fall-2013-ready-to-wear/barbara-tfank, Barbara Tfank
Fall 2013 Ready To Wear,https://www.vogue.com/fashion-shows/fall-2013-ready-to-wear/bcbgmaxazria, BCBGMaxAzria
Fall 2013 Ready To Wear,https://www.vogue.com/fashion-shows/fall-2013-ready-to-wear/beautiful-people, Beautiful People
Fall 2013 Ready To Wear,https://www.vogue.com/fashion-shows/fall-2013-ready-to-wear/behnaz-sarafpour, Behnaz Sarafpour
Fall 2013 Ready To Wear,https://www.vogue.com/fashion-shows/fall-2013-ready-to-wear/belstaff, Belstaff
Fall 2013 Ready To Wear,https://www.vogue.com/fashion-shows/fall-2013-ready-to-wear/betsey-johnson, Betsey Johnson
Fall 2013 Ready To Wear,https://www.vogue.com/fashion-shows/fall-2013-ready-to-wear/bibhu-mohapatra, Bibhu Mohapatra
Fall 2013 Ready To Wear,https://www.vogue.com/fashion-shows/fall-2013-ready-to-wear/billy-reid, Billy Reid
Fall 2013 Ready To Wear,https://www.vogue.com/fashion-shows/fall-2013-ready-to-wear/bless'ed-are-the-meek, Bless'ed Are the Meek
Fall 2013 Ready To Wear,https://www.vogue.com/fashion-shows/fall-2013-ready-to-wear/blk-dnm, BLK DNM
Fall 2013 Ready To Wear,https://www.vogue.com/fashion-shows/fall-2013-ready-to-wear/blumarine, Blumarine
Fall 2013 Ready To Wear,https://www.vogue.com/fashion-shows/fall-2013-ready-to-wear/bottega-veneta, Bottega Veneta
Fall 2013 Ready To Wear,https://www.vogue.com/fashion-shows/fall-2013-ready-to-wear/bouchra-jarrar, Bouchra Jarrar
Fall 2013 Ready To Wear,https://www.vogue.com/fashion-shows/fall-2013-ready-to-wear/brandon-sun, Brandon Sun
Fall 2013 Ready To Wear,https://www.vogue.com/fashion-shows/fall-2013-ready-to-wear/brood, Brood
Fall 2013 Ready To Wear,https://www.vogue.com/fashion-shows/fall-2013-ready-to-wear/burberry, Burberry
Fall 2013 Ready To Wear,https://www.vogue.com/fashion-shows/fall-2013-ready-to-wear/by-johnny, By Johnny
Fall 2013 Ready To Wear,https://www.vogue.com/fashion-shows/fall-2013-ready-to-wear/by-malene-birger, By Malene Birger
Fall 2013 Ready To Wear,https://www.vogue.com/fashion-shows/fall-2013-ready-to-wear/cacharel, Cacharel
Fall 2013 Ready To Wear,https://www.vogue.com/fashion-shows/fall-2013-ready-to-wear/calla, Calla
Fall 2013 Ready To Wear,https://www.vogue.com/fashion-shows/fall-2013-ready-to-wear/calvin-klein-collection, Calvin Klein Collection
Fall 2013 Ready To Wear,https://www.vogue.com/fashion-shows/fall-2013-ready-to-wear/camilla-and-marc, Camilla and Marc
Fall 2013 Ready To Wear,https://www.vogue.com/fashion-shows/fall-2013-ready-to-wear/carin-wester, Carin Wester
Fall 2013 Ready To Wear,https://www.vogue.com/fashion-shows/fall-2013-ready-to-wear/carlos-miele, Carlos Miele
Fall 2013 Ready To Wear,https://www.vogue.com/fashion-shows/fall-2013-ready-to-wear/carolina-herrera, Carolina Herrera
Fall 2013 Ready To Wear,https://www.vogue.com/fashion-shows/fall-2013-ready-to-wear/carven, Carven
Fall 2013 Ready To Wear,https://www.vogue.com/fashion-shows/fall-2013-ready-to-wear/catherine-malandrino, Catherine Malandrino
Fall 2013 Ready To Wear,https://www.vogue.com/fashion-shows/fall-2013-ready-to-wear/cedric-charlier, Cédric Charlier
Fall 2013 Ready To Wear,https://www.vogue.com/fashion-shows/fall-2013-ready-to-wear/celine, Celine
Fall 2013 Ready To Wear,https://www.vogue.com/fashion-shows/fall-2013-ready-to-wear/central-saint-martins-m-a-, Central Saint Martins M.A.
Fall 2013 Ready To Wear,https://www.vogue.com/fashion-shows/fall-2013-ready-to-wear/cerre, Cerre
Fall 2013 Ready To Wear,https://www.vogue.com/fashion-shows/fall-2013-ready-to-wear/chadwick-bell, Chadwick Bell
Fall 2013 Ready To Wear,https://www.vogue.com/fashion-shows/fall-2013-ready-to-wear/chalayan, Chalayan
Fall 2013 Ready To Wear,https://www.vogue.com/fashion-shows/fall-2013-ready-to-wear/chanel, Chanel
Fall 2013 Ready To Wear,https://www.vogue.com/fashion-shows/fall-2013-ready-to-wear/charlotte-ronson, Charlotte Ronson
Fall 2013 Ready To Wear,https://www.vogue.com/fashion-shows/fall-2013-ready-to-wear/cheap-monday, Cheap Monday
Fall 2013 Ready To Wear,https://www.vogue.com/fashion-shows/fall-2013-ready-to-wear/chloe, Chloé
Fall 2013 Ready To Wear,https://www.vogue.com/fashion-shows/fall-2013-ready-to-wear/chloe-sevigny-for-o-c-, Chloë Sevigny for O.C.
Fall 2013 Ready To Wear,https://www.vogue.com/fashion-shows/fall-2013-ready-to-wear/christian-dada, Christian Dada
Fall 2013 Ready To Wear,https://www.vogue.com/fashion-shows/fall-2013-ready-to-wear/christian-dior, Christian Dior
Fall 2013 Ready To Wear,https://www.vogue.com/fashion-shows/fall-2013-ready-to-wear/christian-siriano, Christian Siriano
Fall 2013 Ready To Wear,https://www.vogue.com/fashion-shows/fall-2013-ready-to-wear/christian-wijnants, Christian Wijnants
Fall 2013 Ready To Wear,https://www.vogue.com/fashion-shows/fall-2013-ready-to-wear/christopher-esber, Christopher Esber
Fall 2013 Ready To Wear,https://www.vogue.com/fashion-shows/fall-2013-ready-to-wear/christopher-kane, Christopher Kane
Fall 2013 Ready To Wear,https://www.vogue.com/fashion-shows/fall-2013-ready-to-wear/clements-ribeiro, Clements Ribeiro
Fall 2013 Ready To Wear,https://www.vogue.com/fashion-shows/fall-2013-ready-to-wear/clover-canyon, Clover Canyon
Fall 2013 Ready To Wear,https://www.vogue.com/fashion-shows/fall-2013-ready-to-wear/co, Co
Fall 2013 Ready To Wear,https://www.vogue.com/fashion-shows/fall-2013-ready-to-wear/collette-dinnigan, Collette Dinnigan
Fall 2013 Ready To Wear,https://www.vogue.com/fashion-shows/fall-2013-ready-to-wear/comme-des-garcons, Comme des Garçons
Fall 2013 Ready To Wear,https://www.vogue.com/fashion-shows/fall-2013-ready-to-wear/conny-groenewegen, Conny Groenewegen
Fall 2013 Ready To Wear,https://www.vogue.com/fashion-shows/fall-2013-ready-to-wear/costello-tagliapietra, Costello Tagliapietra
Fall 2013 Ready To Wear,https://www.vogue.com/fashion-shows/fall-2013-ready-to-wear/costume-national, Costume National
Fall 2013 Ready To Wear,https://www.vogue.com/fashion-shows/fall-2013-ready-to-wear/cotoo, Cotoo
Fall 2013 Ready To Wear,https://www.vogue.com/fashion-shows/fall-2013-ready-to-wear/creative-taiwan, Creative Taiwan
Fall 2013 Ready To Wear,https://www.vogue.com/fashion-shows/fall-2013-ready-to-wear/creatures-of-comfort, Creatures of Comfort
Fall 2013 Ready To Wear,https://www.vogue.com/fashion-shows/fall-2013-ready-to-wear/creatures-of-the-wind, Creatures of the Wind
Fall 2013 Ready To Wear,https://www.vogue.com/fashion-shows/fall-2013-ready-to-wear/cushnie-et-ochs, Cushnie et Ochs
Fall 2013 Ready To Wear,https://www.vogue.com/fashion-shows/fall-2013-ready-to-wear/custo-barcelona, Custo Barcelona
Fall 2013 Ready To Wear,https://www.vogue.com/fashion-shows/fall-2013-ready-to-wear/cynthia-rowley, Cynthia Rowley
Fall 2013 Ready To Wear,https://www.vogue.com/fashion-shows/fall-2013-ready-to-wear/daks, Daks
Fall 2013 Ready To Wear,https://www.vogue.com/fashion-shows/fall-2013-ready-to-wear/damir-doma, Damir Doma
Fall 2013 Ready To Wear,https://www.vogue.com/fashion-shows/fall-2013-ready-to-wear/daniel-vosovic, Daniel Vosovic
Fall 2013 Ready To Wear,https://www.vogue.com/fashion-shows/fall-2013-ready-to-wear/david-koma, David Koma
Fall 2013 Ready To Wear,https://www.vogue.com/fashion-shows/fall-2013-ready-to-wear/day-birger-et-mikkelsen, DAY Birger et Mikkelsen
Fall 2013 Ready To Wear,https://www.vogue.com/fashion-shows/fall-2013-ready-to-wear/dennis-basso, Dennis Basso
Fall 2013 Ready To Wear,https://www.vogue.com/fashion-shows/fall-2013-ready-to-wear/derek-lam, Derek Lam
Fall 2013 Ready To Wear,https://www.vogue.com/fashion-shows/fall-2013-ready-to-wear/derek-lam-10-crosby, Derek Lam 10 Crosby
Fall 2013 Ready To Wear,https://www.vogue.com/fashion-shows/fall-2013-ready-to-wear/designers-remix, Designers Remix
Fall 2013 Ready To Wear,https://www.vogue.com/fashion-shows/fall-2013-ready-to-wear/diana-orving, Diana Orving
Fall 2013 Ready To Wear,https://www.vogue.com/fashion-shows/fall-2013-ready-to-wear/diane-von-furstenberg, Diane von Furstenberg
Fall 2013 Ready To Wear,https://www.vogue.com/fashion-shows/fall-2013-ready-to-wear/diesel-black-gold, Diesel Black Gold
Fall 2013 Ready To Wear,https://www.vogue.com/fashion-shows/fall-2013-ready-to-wear/dietrich-emter, Dietrich Emter
Fall 2013 Ready To Wear,https://www.vogue.com/fashion-shows/fall-2013-ready-to-wear/dimitri, Dimitri
Fall 2013 Ready To Wear,https://www.vogue.com/fashion-shows/fall-2013-ready-to-wear/dion-lee, Dion Lee
Fall 2013 Ready To Wear,https://www.vogue.com/fashion-shows/fall-2013-ready-to-wear/dkny, DKNY
Fall 2013 Ready To Wear,https://www.vogue.com/fashion-shows/fall-2013-ready-to-wear/dolce-&-gabbana, Dolce & Gabbana
Fall 2013 Ready To Wear,https://www.vogue.com/fashion-shows/fall-2013-ready-to-wear/donna-karan-new-york, Donna Karan New York
Fall 2013 Ready To Wear,https://www.vogue.com/fashion-shows/fall-2013-ready-to-wear/dorothee-schumacher, Dorothee Schumacher
Fall 2013 Ready To Wear,https://www.vogue.com/fashion-shows/fall-2013-ready-to-wear/douglas-hannant, Douglas Hannant
Fall 2013 Ready To Wear,https://www.vogue.com/fashion-shows/fall-2013-ready-to-wear/dresscamp, DressCamp
Fall 2013 Ready To Wear,https://www.vogue.com/fashion-shows/fall-2013-ready-to-wear/dressedundressed, DressedUndressed
Fall 2013 Ready To Wear,https://www.vogue.com/fashion-shows/fall-2013-ready-to-wear/dries-van-noten, Dries Van Noten
Fall 2013 Ready To Wear,https://www.vogue.com/fashion-shows/fall-2013-ready-to-wear/dsquared2, Dsquared2
Fall 2013 Ready To Wear,https://www.vogue.com/fashion-shows/fall-2013-ready-to-wear/duro-olowu, Duro Olowu
Fall 2013 Ready To Wear,https://www.vogue.com/fashion-shows/fall-2013-ready-to-wear/edeline-lee, Edeline Lee
Fall 2013 Ready To Wear,https://www.vogue.com/fashion-shows/fall-2013-ready-to-wear/edun, Edun
Fall 2013 Ready To Wear,https://www.vogue.com/fashion-shows/fall-2013-ready-to-wear/electric-feathers, Electric Feathers
Fall 2013 Ready To Wear,https://www.vogue.com/fashion-shows/fall-2013-ready-to-wear/elie-saab, Elie Saab
Fall 2013 Ready To Wear,https://www.vogue.com/fashion-shows/fall-2013-ready-to-wear/elie-tahari, Elie Tahari
Fall 2013 Ready To Wear,https://www.vogue.com/fashion-shows/fall-2013-ready-to-wear/elizabeth-and-james, Elizabeth and James
Fall 2013 Ready To Wear,https://www.vogue.com/fashion-shows/fall-2013-ready-to-wear/ellery, Ellery
Fall 2013 Ready To Wear,https://www.vogue.com/fashion-shows/fall-2013-ready-to-wear/emanuel-ungaro, Emanuel Ungaro
Fall 2013 Ready To Wear,https://www.vogue.com/fashion-shows/fall-2013-ready-to-wear/emilia-wickstead, Emilia Wickstead
Fall 2013 Ready To Wear,https://www.vogue.com/fashion-shows/fall-2013-ready-to-wear/emilio-de-la-morena, Emilio de la Morena
Fall 2013 Ready To Wear,https://www.vogue.com/fashion-shows/fall-2013-ready-to-wear/emilio-pucci, Emilio Pucci
Fall 2013 Ready To Wear,https://www.vogue.com/fashion-shows/fall-2013-ready-to-wear/emma-mulholland, Emma Mulholland
Fall 2013 Ready To Wear,https://www.vogue.com/fashion-shows/fall-2013-ready-to-wear/emporio-armani, Emporio Armani
Fall 2013 Ready To Wear,https://www.vogue.com/fashion-shows/fall-2013-ready-to-wear/erdem, Erdem
Fall 2013 Ready To Wear,https://www.vogue.com/fashion-shows/fall-2013-ready-to-wear/erin-fetherston, Erin Fetherston
Fall 2013 Ready To Wear,https://www.vogue.com/fashion-shows/fall-2013-ready-to-wear/escada, Escada
Fall 2013 Ready To Wear,https://www.vogue.com/fashion-shows/fall-2013-ready-to-wear/et-momonakia, Et Momonakia
Fall 2013 Ready To Wear,https://www.vogue.com/fashion-shows/fall-2013-ready-to-wear/etro, Etro
Fall 2013 Ready To Wear,https://www.vogue.com/fashion-shows/fall-2013-ready-to-wear/eudon-choi, Eudon Choi
Fall 2013 Ready To Wear,https://www.vogue.com/fashion-shows/fall-2013-ready-to-wear/facetasm, Facetasm
Fall 2013 Ready To Wear,https://www.vogue.com/fashion-shows/fall-2013-ready-to-wear/fashion-east, Fashion East
Fall 2013 Ready To Wear,https://www.vogue.com/fashion-shows/fall-2013-ready-to-wear/fausto-puglisi, Fausto Puglisi
Fall 2013 Ready To Wear,https://www.vogue.com/fashion-shows/fall-2013-ready-to-wear/felder-felder, Felder Felder
Fall 2013 Ready To Wear,https://www.vogue.com/fashion-shows/fall-2013-ready-to-wear/felipe-oliveira-baptista, Felipe Oliveira Baptista
Fall 2013 Ready To Wear,https://www.vogue.com/fashion-shows/fall-2013-ready-to-wear/fendi, Fendi
Fall 2013 Ready To Wear,https://www.vogue.com/fashion-shows/fall-2013-ready-to-wear/ferragamo, Ferragamo
Fall 2013 Ready To Wear,https://www.vogue.com/fashion-shows/fall-2013-ready-to-wear/flannel, Flannel
Fall 2013 Ready To Wear,https://www.vogue.com/fashion-shows/fall-2013-ready-to-wear/fleamadonna, Fleamadonna
Fall 2013 Ready To Wear,https://www.vogue.com/fashion-shows/fall-2013-ready-to-wear/francesco-scognamiglio, Francesco Scognamiglio
Fall 2013 Ready To Wear,https://www.vogue.com/fashion-shows/fall-2013-ready-to-wear/g-v-g-v-, G.V.G.V.
Fall 2013 Ready To Wear,https://www.vogue.com/fashion-shows/fall-2013-ready-to-wear/gabriele-colangelo, Gabriele Colangelo
Fall 2013 Ready To Wear,https://www.vogue.com/fashion-shows/fall-2013-ready-to-wear/ganryu, Ganryu
Fall 2013 Ready To Wear,https://www.vogue.com/fashion-shows/fall-2013-ready-to-wear/gareth-pugh, Gareth Pugh
Fall 2013 Ready To Wear,https://www.vogue.com/fashion-shows/fall-2013-ready-to-wear/gary-graham, Gary Graham
Fall 2013 Ready To Wear,https://www.vogue.com/fashion-shows/fall-2013-ready-to-wear/genny, Genny
Fall 2013 Ready To Wear,https://www.vogue.com/fashion-shows/fall-2013-ready-to-wear/giambattista-valli, Giambattista Valli
Fall 2013 Ready To Wear,https://www.vogue.com/fashion-shows/fall-2013-ready-to-wear/gianfranco-ferre, Gianfranco Ferré
Fall 2013 Ready To Wear,https://www.vogue.com/fashion-shows/fall-2013-ready-to-wear/giles-deacon, Giles Deacon
Fall 2013 Ready To Wear,https://www.vogue.com/fashion-shows/fall-2013-ready-to-wear/giorgio-armani, Giorgio Armani
Fall 2013 Ready To Wear,https://www.vogue.com/fashion-shows/fall-2013-ready-to-wear/giulietta, Giulietta
Fall 2013 Ready To Wear,https://www.vogue.com/fashion-shows/fall-2013-ready-to-wear/givenchy, Givenchy
Fall 2013 Ready To Wear,https://www.vogue.com/fashion-shows/fall-2013-ready-to-wear/gregory-parkinson, Gregory Parkinson
Fall 2013 Ready To Wear,https://www.vogue.com/fashion-shows/fall-2013-ready-to-wear/gryphon, Gryphon
Fall 2013 Ready To Wear,https://www.vogue.com/fashion-shows/fall-2013-ready-to-wear/gucci, Gucci
Fall 2013 Ready To Wear,https://www.vogue.com/fashion-shows/fall-2013-ready-to-wear/gut's-dynamite-cabarets, Gut's Dynamite Cabarets
Fall 2013 Ready To Wear,https://www.vogue.com/fashion-shows/fall-2013-ready-to-wear/guy-laroche, Guy Laroche
Fall 2013 Ready To Wear,https://www.vogue.com/fashion-shows/fall-2013-ready-to-wear/h&m-design-award, H&M Design Award
Fall 2013 Ready To Wear,https://www.vogue.com/fashion-shows/fall-2013-ready-to-wear/haider-ackermann, Haider Ackermann
Fall 2013 Ready To Wear,https://www.vogue.com/fashion-shows/fall-2013-ready-to-wear/hakaan, Hakaan
Fall 2013 Ready To Wear,https://www.vogue.com/fashion-shows/fall-2013-ready-to-wear/han, HAN
Fall 2013 Ready To Wear,https://www.vogue.com/fashion-shows/fall-2013-ready-to-wear/han-ahn-soon, Han Ahn Soon
Fall 2013 Ready To Wear,https://www.vogue.com/fashion-shows/fall-2013-ready-to-wear/haryono-setiadi, Haryono Setiadi
Fall 2013 Ready To Wear,https://www.vogue.com/fashion-shows/fall-2013-ready-to-wear/helmut-lang, Helmut Lang
Fall 2013 Ready To Wear,https://www.vogue.com/fashion-shows/fall-2013-ready-to-wear/hermes, Hermès
Fall 2013 Ready To Wear,https://www.vogue.com/fashion-shows/fall-2013-ready-to-wear/hernandez-cornet, Hernández Cornet
Fall 2013 Ready To Wear,https://www.vogue.com/fashion-shows/fall-2013-ready-to-wear/herve-leger-by-max-azria, Hervé Léger by Max Azria
Fall 2013 Ready To Wear,https://www.vogue.com/fashion-shows/fall-2013-ready-to-wear/hien-le, Hien Le
Fall 2013 Ready To Wear,https://www.vogue.com/fashion-shows/fall-2013-ready-to-wear/holly-fulton, Holly Fulton
Fall 2013 Ready To Wear,https://www.vogue.com/fashion-shows/fall-2013-ready-to-wear/holmes-&-yang, Holmes & Yang
Fall 2013 Ready To Wear,https://www.vogue.com/fashion-shows/fall-2013-ready-to-wear/honor, Honor
Fall 2013 Ready To Wear,https://www.vogue.com/fashion-shows/fall-2013-ready-to-wear/house-of-dagmar, House of Dagmar
Fall 2013 Ready To Wear,https://www.vogue.com/fashion-shows/fall-2013-ready-to-wear/house-of-holland, House of Holland
Fall 2013 Ready To Wear,https://www.vogue.com/fashion-shows/fall-2013-ready-to-wear/hugo, Hugo
Fall 2013 Ready To Wear,https://www.vogue.com/fashion-shows/fall-2013-ready-to-wear/hunkydory, Hunkydory
Fall 2013 Ready To Wear,https://www.vogue.com/fashion-shows/fall-2013-ready-to-wear/icb, ICB
Fall 2013 Ready To Wear,https://www.vogue.com/fashion-shows/fall-2013-ready-to-wear/iceberg, Iceberg
Fall 2013 Ready To Wear,https://www.vogue.com/fashion-shows/fall-2013-ready-to-wear/isa-arfen, Isa Arfen
Fall 2013 Ready To Wear,https://www.vogue.com/fashion-shows/fall-2013-ready-to-wear/isabel-marant, Isabel Marant
Fall 2013 Ready To Wear,https://www.vogue.com/fashion-shows/fall-2013-ready-to-wear/issa, Issa
Fall 2013 Ready To Wear,https://www.vogue.com/fashion-shows/fall-2013-ready-to-wear/issever-bahri, Issever Bahri
Fall 2013 Ready To Wear,https://www.vogue.com/fashion-shows/fall-2013-ready-to-wear/issey-miyake, Issey Miyake
Fall 2013 Ready To Wear,https://www.vogue.com/fashion-shows/fall-2013-ready-to-wear/ivan-grundahl, Ivan Grundahl
Fall 2013 Ready To Wear,https://www.vogue.com/fashion-shows/fall-2013-ready-to-wear/j-brand, J Brand
Fall 2013 Ready To Wear,https://www.vogue.com/fashion-shows/fall-2013-ready-to-wear/j-mendel, J. Mendel
Fall 2013 Ready To Wear,https://www.vogue.com/fashion-shows/fall-2013-ready-to-wear/j-crew, J.Crew
Fall 2013 Ready To Wear,https://www.vogue.com/fashion-shows/fall-2013-ready-to-wear/j-lindeberg, J.Lindeberg
Fall 2013 Ready To Wear,https://www.vogue.com/fashion-shows/fall-2013-ready-to-wear/james-long, James Long
Fall 2013 Ready To Wear,https://www.vogue.com/fashion-shows/fall-2013-ready-to-wear/jasmin-shokrian-draft-no-17, Jasmin Shokrian Draft No. 17
Fall 2013 Ready To Wear,https://www.vogue.com/fashion-shows/fall-2013-ready-to-wear/jason-wu-collection, Jason Wu Collection
Fall 2013 Ready To Wear,https://www.vogue.com/fashion-shows/fall-2013-ready-to-wear/jay-ahr, Jay Ahr
Fall 2013 Ready To Wear,https://www.vogue.com/fashion-shows/fall-2013-ready-to-wear/jayson-brunsdon, Jayson Brunsdon
Fall 2013 Ready To Wear,https://www.vogue.com/fashion-shows/fall-2013-ready-to-wear/jc-de-castelbajac, JC de Castelbajac
Fall 2013 Ready To Wear,https://www.vogue.com/fashion-shows/fall-2013-ready-to-wear/jean-paul-gaultier, Jean Paul Gaultier
Fall 2013 Ready To Wear,https://www.vogue.com/fashion-shows/fall-2013-ready-to-wear/jean-pierre-braganza, Jean-Pierre Braganza
Fall 2013 Ready To Wear,https://www.vogue.com/fashion-shows/fall-2013-ready-to-wear/jen-kao, Jen Kao
Fall 2013 Ready To Wear,https://www.vogue.com/fashion-shows/fall-2013-ready-to-wear/jenni-kayne, Jenni Kayne
Fall 2013 Ready To Wear,https://www.vogue.com/fashion-shows/fall-2013-ready-to-wear/jenny-packham, Jenny Packham
Fall 2013 Ready To Wear,https://www.vogue.com/fashion-shows/fall-2013-ready-to-wear/jeremy-laing, Jeremy Laing
Fall 2013 Ready To Wear,https://www.vogue.com/fashion-shows/fall-2013-ready-to-wear/jeremy-scott, Jeremy Scott
Fall 2013 Ready To Wear,https://www.vogue.com/fashion-shows/fall-2013-ready-to-wear/jil-sander, Jil Sander
Fall 2013 Ready To Wear,https://www.vogue.com/fashion-shows/fall-2013-ready-to-wear/jil-sander-navy, Jil Sander Navy
Fall 2013 Ready To Wear,https://www.vogue.com/fashion-shows/fall-2013-ready-to-wear/jill-stuart, Jill Stuart
Fall 2013 Ready To Wear,https://www.vogue.com/fashion-shows/fall-2013-ready-to-wear/johan-ku, Johan Ku
Fall 2013 Ready To Wear,https://www.vogue.com/fashion-shows/fall-2013-ready-to-wear/john-galliano, John Galliano
Fall 2013 Ready To Wear,https://www.vogue.com/fashion-shows/fall-2013-ready-to-wear/john-rocha, John Rocha
Fall 2013 Ready To Wear,https://www.vogue.com/fashion-shows/fall-2013-ready-to-wear/joie, Joie
Fall 2013 Ready To Wear,https://www.vogue.com/fashion-shows/fall-2013-ready-to-wear/jonathan-saunders, Jonathan Saunders
Fall 2013 Ready To Wear,https://www.vogue.com/fashion-shows/fall-2013-ready-to-wear/joseph, Joseph
Fall 2013 Ready To Wear,https://www.vogue.com/fashion-shows/fall-2013-ready-to-wear/josie-natori, Josie Natori
Fall 2013 Ready To Wear,https://www.vogue.com/fashion-shows/fall-2013-ready-to-wear/joy-cioci, Joy Cioci
Fall 2013 Ready To Wear,https://www.vogue.com/fashion-shows/fall-2013-ready-to-wear/juan-carlos-obando, Juan Carlos Obando
Fall 2013 Ready To Wear,https://www.vogue.com/fashion-shows/fall-2013-ready-to-wear/juicy-couture, Juicy Couture
Fall 2013 Ready To Wear,https://www.vogue.com/fashion-shows/fall-2013-ready-to-wear/julien-david, Julien David
Fall 2013 Ready To Wear,https://www.vogue.com/fashion-shows/fall-2013-ready-to-wear/julien-macdonald, Julien Macdonald
Fall 2013 Ready To Wear,https://www.vogue.com/fashion-shows/fall-2013-ready-to-wear/jun-okamoto, Jun Okamoto
Fall 2013 Ready To Wear,https://www.vogue.com/fashion-shows/fall-2013-ready-to-wear/junya-watanabe, Junya Watanabe
Fall 2013 Ready To Wear,https://www.vogue.com/fashion-shows/fall-2013-ready-to-wear/just-cavalli, Just Cavalli
Fall 2013 Ready To Wear,https://www.vogue.com/fashion-shows/fall-2013-ready-to-wear/jw-anderson, JW Anderson
Fall 2013 Ready To Wear,https://www.vogue.com/fashion-shows/fall-2013-ready-to-wear/kaelen, Kaelen
Fall 2013 Ready To Wear,https://www.vogue.com/fashion-shows/fall-2013-ready-to-wear/kamishima-chinami, Kamishima Chinami
Fall 2013 Ready To Wear,https://www.vogue.com/fashion-shows/fall-2013-ready-to-wear/karen-walker, Karen Walker
Fall 2013 Ready To Wear,https://www.vogue.com/fashion-shows/fall-2013-ready-to-wear/karla-spetic, Karla Spetic
Fall 2013 Ready To Wear,https://www.vogue.com/fashion-shows/fall-2013-ready-to-wear/kate-spade-new-york, Kate Spade New York
Fall 2013 Ready To Wear,https://www.vogue.com/fashion-shows/fall-2013-ready-to-wear/katie-eary, Katie Eary
Fall 2013 Ready To Wear,https://www.vogue.com/fashion-shows/fall-2013-ready-to-wear/katie-gallagher, Katie Gallagher
Fall 2013 Ready To Wear,https://www.vogue.com/fashion-shows/fall-2013-ready-to-wear/kaufmanfranco, Kaufmanfranco
Fall 2013 Ready To Wear,https://www.vogue.com/fashion-shows/fall-2013-ready-to-wear/kelly-wearstler, Kelly Wearstler
Fall 2013 Ready To Wear,https://www.vogue.com/fashion-shows/fall-2013-ready-to-wear/kenneth-cole-collection, Kenneth Cole Collection
Fall 2013 Ready To Wear,https://www.vogue.com/fashion-shows/fall-2013-ready-to-wear/kenzo, Kenzo
Fall 2013 Ready To Wear,https://www.vogue.com/fashion-shows/fall-2013-ready-to-wear/kilian-kerner, Kilian Kerner
Fall 2013 Ready To Wear,https://www.vogue.com/fashion-shows/fall-2013-ready-to-wear/kimberly-ovitz, Kimberly Ovitz
Fall 2013 Ready To Wear,https://www.vogue.com/fashion-shows/fall-2013-ready-to-wear/kinder-aggugini, Kinder Aggugini
Fall 2013 Ready To Wear,https://www.vogue.com/fashion-shows/fall-2013-ready-to-wear/ktz, KTZ
Fall 2013 Ready To Wear,https://www.vogue.com/fashion-shows/fall-2013-ready-to-wear/l-a-m-b-, L.A.M.B.
Fall 2013 Ready To Wear,https://www.vogue.com/fashion-shows/fall-2013-ready-to-wear/l'wren-scott, L'Wren Scott
Fall 2013 Ready To Wear,https://www.vogue.com/fashion-shows/fall-2013-ready-to-wear/lacoste, Lacoste
Fall 2013 Ready To Wear,https://www.vogue.com/fashion-shows/fall-2013-ready-to-wear/lala-berlin, Lala Berlin
Fall 2013 Ready To Wear,https://www.vogue.com/fashion-shows/fall-2013-ready-to-wear/lanvin, Lanvin
Fall 2013 Ready To Wear,https://www.vogue.com/fashion-shows/fall-2013-ready-to-wear/lapointe, LaPointe
Fall 2013 Ready To Wear,https://www.vogue.com/fashion-shows/fall-2013-ready-to-wear/laurel, Laurèl
Fall 2013 Ready To Wear,https://www.vogue.com/fashion-shows/fall-2013-ready-to-wear/lela-rose, Lela Rose
Fall 2013 Ready To Wear,https://www.vogue.com/fashion-shows/fall-2013-ready-to-wear/lemaire, Lemaire
Fall 2013 Ready To Wear,https://www.vogue.com/fashion-shows/fall-2013-ready-to-wear/lena-hoschek, Lena Hoschek
Fall 2013 Ready To Wear,https://www.vogue.com/fashion-shows/fall-2013-ready-to-wear/libertine, Libertine
Fall 2013 Ready To Wear,https://www.vogue.com/fashion-shows/fall-2013-ready-to-wear/lindsey-thornburg, Lindsey Thornburg
Fall 2013 Ready To Wear,https://www.vogue.com/fashion-shows/fall-2013-ready-to-wear/lisa-perry, Lisa Perry
Fall 2013 Ready To Wear,https://www.vogue.com/fashion-shows/fall-2013-ready-to-wear/loewe, Loewe
Fall 2013 Ready To Wear,https://www.vogue.com/fashion-shows/fall-2013-ready-to-wear/louis-vuitton, Louis Vuitton
Fall 2013 Ready To Wear,https://www.vogue.com/fashion-shows/fall-2013-ready-to-wear/louise-goldin, Louise Goldin
Fall 2013 Ready To Wear,https://www.vogue.com/fashion-shows/fall-2013-ready-to-wear/louise-gray, Louise Gray
Fall 2013 Ready To Wear,https://www.vogue.com/fashion-shows/fall-2013-ready-to-wear/luisa-beccaria, Luisa Beccaria
Fall 2013 Ready To Wear,https://www.vogue.com/fashion-shows/fall-2013-ready-to-wear/lyn-devon, Lyn Devon
Fall 2013 Ready To Wear,https://www.vogue.com/fashion-shows/fall-2013-ready-to-wear/m-patmos, M.Patmos
Fall 2013 Ready To Wear,https://www.vogue.com/fashion-shows/fall-2013-ready-to-wear/maison-margiela, Maison Margiela
Fall 2013 Ready To Wear,https://www.vogue.com/fashion-shows/fall-2013-ready-to-wear/maison-rabih-kayrouz, Maison Rabih Kayrouz
Fall 2013 Ready To Wear,https://www.vogue.com/fashion-shows/fall-2013-ready-to-wear/maiyet, Maiyet
Fall 2013 Ready To Wear,https://www.vogue.com/fashion-shows/fall-2013-ready-to-wear/maki-oh, Maki Oh
Fall 2013 Ready To Wear,https://www.vogue.com/fashion-shows/fall-2013-ready-to-wear/manish-arora, Manish Arora
Fall 2013 Ready To Wear,https://www.vogue.com/fashion-shows/fall-2013-ready-to-wear/mara-hoffman, Mara Hoffman
Fall 2013 Ready To Wear,https://www.vogue.com/fashion-shows/fall-2013-ready-to-wear/marc-by-marc-jacobs, Marc by Marc Jacobs
Fall 2013 Ready To Wear,https://www.vogue.com/fashion-shows/fall-2013-ready-to-wear/marc-jacobs, Marc Jacobs
Fall 2013 Ready To Wear,https://www.vogue.com/fashion-shows/fall-2013-ready-to-wear/marchesa, Marchesa
Fall 2013 Ready To Wear,https://www.vogue.com/fashion-shows/fall-2013-ready-to-wear/marco-de-vincenzo, Marco de Vincenzo
Fall 2013 Ready To Wear,https://www.vogue.com/fashion-shows/fall-2013-ready-to-wear/maria-grachvogel, Maria Grachvogel
Fall 2013 Ready To Wear,https://www.vogue.com/fashion-shows/fall-2013-ready-to-wear/marios-schwab, Marios Schwab
Fall 2013 Ready To Wear,https://www.vogue.com/fashion-shows/fall-2013-ready-to-wear/marissa-webb, Marissa Webb
Fall 2013 Ready To Wear,https://www.vogue.com/fashion-shows/fall-2013-ready-to-wear/mark-fast, Mark Fast
Fall 2013 Ready To Wear,https://www.vogue.com/fashion-shows/fall-2013-ready-to-wear/markus-lupfer, Markus Lupfer
Fall 2013 Ready To Wear,https://www.vogue.com/fashion-shows/fall-2013-ready-to-wear/marni, Marni
Fall 2013 Ready To Wear,https://www.vogue.com/fashion-shows/fall-2013-ready-to-wear/martin-grant, Martin Grant
Fall 2013 Ready To Wear,https://www.vogue.com/fashion-shows/fall-2013-ready-to-wear/mary-katrantzou, Mary Katrantzou
Fall 2013 Ready To Wear,https://www.vogue.com/fashion-shows/fall-2013-ready-to-wear/maticevski, Maticevski
Fall 2013 Ready To Wear,https://www.vogue.com/fashion-shows/fall-2013-ready-to-wear/matohu, Matohu
Fall 2013 Ready To Wear,https://www.vogue.com/fashion-shows/fall-2013-ready-to-wear/matthew-williamson, Matthew Williamson
Fall 2013 Ready To Wear,https://www.vogue.com/fashion-shows/fall-2013-ready-to-wear/max-mara, Max Mara
Fall 2013 Ready To Wear,https://www.vogue.com/fashion-shows/fall-2013-ready-to-wear/maxime-simoens, Maxime Simoëns
Fall 2013 Ready To Wear,https://www.vogue.com/fashion-shows/fall-2013-ready-to-wear/mcq-alexander-mcqueen, McQ Alexander McQueen
Fall 2013 Ready To Wear,https://www.vogue.com/fashion-shows/fall-2013-ready-to-wear/mcqueen, McQueen
Fall 2013 Ready To Wear,https://www.vogue.com/fashion-shows/fall-2013-ready-to-wear/meadham-kirchhoff, Meadham Kirchhoff
Fall 2013 Ready To Wear,https://www.vogue.com/fashion-shows/fall-2013-ready-to-wear/mercibeaucoup, Mercibeaucoup
Fall 2013 Ready To Wear,https://www.vogue.com/fashion-shows/fall-2013-ready-to-wear/michael-kors-collection, Michael Kors Collection
Fall 2013 Ready To Wear,https://www.vogue.com/fashion-shows/fall-2013-ready-to-wear/michael-lo-sordo, Michael Lo Sordo
Fall 2013 Ready To Wear,https://www.vogue.com/fashion-shows/fall-2013-ready-to-wear/michael-sontag, Michael Sontag
Fall 2013 Ready To Wear,https://www.vogue.com/fashion-shows/fall-2013-ready-to-wear/michael-van-der-ham, Michael van der Ham
Fall 2013 Ready To Wear,https://www.vogue.com/fashion-shows/fall-2013-ready-to-wear/milly, Milly
Fall 2013 Ready To Wear,https://www.vogue.com/fashion-shows/fall-2013-ready-to-wear/mint-designs, Mint Designs
Fall 2013 Ready To Wear,https://www.vogue.com/fashion-shows/fall-2013-ready-to-wear/misha-nonoo, Misha Nonoo
Fall 2013 Ready To Wear,https://www.vogue.com/fashion-shows/fall-2013-ready-to-wear/miss-wu, Miss Wu
Fall 2013 Ready To Wear,https://www.vogue.com/fashion-shows/fall-2013-ready-to-wear/missoni, Missoni
Fall 2013 Ready To Wear,https://www.vogue.com/fashion-shows/fall-2013-ready-to-wear/miu-miu, Miu Miu
Fall 2013 Ready To Wear,https://www.vogue.com/fashion-shows/fall-2013-ready-to-wear/mm6-maison-margiela, MM6 Maison Margiela
Fall 2013 Ready To Wear,https://www.vogue.com/fashion-shows/fall-2013-ready-to-wear/moncler-gamme-rouge, Moncler Gamme Rouge
Fall 2013 Ready To Wear,https://www.vogue.com/fashion-shows/fall-2013-ready-to-wear/moncler-grenoble, Moncler Grenoble
Fall 2013 Ready To Wear,https://www.vogue.com/fashion-shows/fall-2013-ready-to-wear/monique-lhuillier, Monique Lhuillier
Fall 2013 Ready To Wear,https://www.vogue.com/fashion-shows/fall-2013-ready-to-wear/moschino, Moschino
Fall 2013 Ready To Wear,https://www.vogue.com/fashion-shows/fall-2013-ready-to-wear/moschino-cheap-and-chic, Moschino Cheap And Chic
Fall 2013 Ready To Wear,https://www.vogue.com/fashion-shows/fall-2013-ready-to-wear/mother-of-pearl, Mother of Pearl
Fall 2013 Ready To Wear,https://www.vogue.com/fashion-shows/fall-2013-ready-to-wear/motonari-ono, Motonari Ono
Fall 2013 Ready To Wear,https://www.vogue.com/fashion-shows/fall-2013-ready-to-wear/mugler, Mugler
Fall 2013 Ready To Wear,https://www.vogue.com/fashion-shows/fall-2013-ready-to-wear/mulberry, Mulberry
Fall 2013 Ready To Wear,https://www.vogue.com/fashion-shows/fall-2013-ready-to-wear/myrza-de-muynck, Myrza de Muynck
Fall 2013 Ready To Wear,https://www.vogue.com/fashion-shows/fall-2013-ready-to-wear/naeem-khan, Naeem Khan
Fall 2013 Ready To Wear,https://www.vogue.com/fashion-shows/fall-2013-ready-to-wear/nanette-lepore, Nanette Lepore
Fall 2013 Ready To Wear,https://www.vogue.com/fashion-shows/fall-2013-ready-to-wear/narciso-rodriguez, Narciso Rodriguez
Fall 2013 Ready To Wear,https://www.vogue.com/fashion-shows/fall-2013-ready-to-wear/neil-barrett, Neil Barrett
Fall 2013 Ready To Wear,https://www.vogue.com/fashion-shows/fall-2013-ready-to-wear/nicholas-k, Nicholas K
Fall 2013 Ready To Wear,https://www.vogue.com/fashion-shows/fall-2013-ready-to-wear/nicolas-andreas-taralis, Nicolas Andreas Taralis
Fall 2013 Ready To Wear,https://www.vogue.com/fashion-shows/fall-2013-ready-to-wear/nicole-farhi, Nicole Farhi
Fall 2013 Ready To Wear,https://www.vogue.com/fashion-shows/fall-2013-ready-to-wear/nicole-miller, Nicole Miller
Fall 2013 Ready To Wear,https://www.vogue.com/fashion-shows/fall-2013-ready-to-wear/nina-ricci, Nina Ricci
Fall 2013 Ready To Wear,https://www.vogue.com/fashion-shows/fall-2013-ready-to-wear/no-21, No. 21
Fall 2013 Ready To Wear,https://www.vogue.com/fashion-shows/fall-2013-ready-to-wear/norma-kamali, Norma Kamali
Fall 2013 Ready To Wear,https://www.vogue.com/fashion-shows/fall-2013-ready-to-wear/nozomi-ishiguro-tambourine, Nozomi Ishiguro Tambourine
Fall 2013 Ready To Wear,https://www.vogue.com/fashion-shows/fall-2013-ready-to-wear/ohne-titel, Ohne Titel
Fall 2013 Ready To Wear,https://www.vogue.com/fashion-shows/fall-2013-ready-to-wear/olympia-le-tan, Olympia Le-Tan
Fall 2013 Ready To Wear,https://www.vogue.com/fashion-shows/fall-2013-ready-to-wear/opening-ceremony, Opening Ceremony
Fall 2013 Ready To Wear,https://www.vogue.com/fashion-shows/fall-2013-ready-to-wear/organic-by-john-patrick, Organic by John Patrick
Fall 2013 Ready To Wear,https://www.vogue.com/fashion-shows/fall-2013-ready-to-wear/oscar-de-la-renta, Oscar de la Renta
Fall 2013 Ready To Wear,https://www.vogue.com/fashion-shows/fall-2013-ready-to-wear/osklen, Osklen
Fall 2013 Ready To Wear,https://www.vogue.com/fashion-shows/fall-2013-ready-to-wear/osman-yousefzada, Osman Yousefzada
Fall 2013 Ready To Wear,https://www.vogue.com/fashion-shows/fall-2013-ready-to-wear/ostwald-helgason, Ostwald Helgason
Fall 2013 Ready To Wear,https://www.vogue.com/fashion-shows/fall-2013-ready-to-wear/pam-&-gela, Pam & Gela
Fall 2013 Ready To Wear,https://www.vogue.com/fashion-shows/fall-2013-ready-to-wear/pamella-roland, Pamella Roland
Fall 2013 Ready To Wear,https://www.vogue.com/fashion-shows/fall-2013-ready-to-wear/patrik-ervell, Patrik Ervell
Fall 2013 Ready To Wear,https://www.vogue.com/fashion-shows/fall-2013-ready-to-wear/paul-&-joe, Paul & Joe
Fall 2013 Ready To Wear,https://www.vogue.com/fashion-shows/fall-2013-ready-to-wear/paul-smith, Paul Smith
Fall 2013 Ready To Wear,https://www.vogue.com/fashion-shows/fall-2013-ready-to-wear/paule-ka, Paule Ka
Fall 2013 Ready To Wear,https://www.vogue.com/fashion-shows/fall-2013-ready-to-wear/pedro-lourenco, Pedro Lourenço
Fall 2013 Ready To Wear,https://www.vogue.com/fashion-shows/fall-2013-ready-to-wear/perret-schaad, Perret Schaad
Fall 2013 Ready To Wear,https://www.vogue.com/fashion-shows/fall-2013-ready-to-wear/peter-jensen, Peter Jensen
Fall 2013 Ready To Wear,https://www.vogue.com/fashion-shows/fall-2013-ready-to-wear/peter-pilotto, Peter Pilotto
Fall 2013 Ready To Wear,https://www.vogue.com/fashion-shows/fall-2013-ready-to-wear/peter-som, Peter Som
Fall 2013 Ready To Wear,https://www.vogue.com/fashion-shows/fall-2013-ready-to-wear/philipp-plein, Philipp Plein
Fall 2013 Ready To Wear,https://www.vogue.com/fashion-shows/fall-2013-ready-to-wear/philosophy-di-lorenzo-serafini, Philosophy di Lorenzo Serafini
Fall 2013 Ready To Wear,https://www.vogue.com/fashion-shows/fall-2013-ready-to-wear/phoenix-keating, Phoenix Keating
Fall 2013 Ready To Wear,https://www.vogue.com/fashion-shows/fall-2013-ready-to-wear/pierre-balmain, Pierre Balmain
Fall 2013 Ready To Wear,https://www.vogue.com/fashion-shows/fall-2013-ready-to-wear/ports-1961, Ports 1961
Fall 2013 Ready To Wear,https://www.vogue.com/fashion-shows/fall-2013-ready-to-wear/prabal-gurung, Prabal Gurung
Fall 2013 Ready To Wear,https://www.vogue.com/fashion-shows/fall-2013-ready-to-wear/prada, Prada
Fall 2013 Ready To Wear,https://www.vogue.com/fashion-shows/fall-2013-ready-to-wear/preen-by-thornton-bregazzi, Preen by Thornton Bregazzi
Fall 2013 Ready To Wear,https://www.vogue.com/fashion-shows/fall-2013-ready-to-wear/preen-line, Preen Line
Fall 2013 Ready To Wear,https://www.vogue.com/fashion-shows/fall-2013-ready-to-wear/pringle-of-scotland, Pringle of Scotland
Fall 2013 Ready To Wear,https://www.vogue.com/fashion-shows/fall-2013-ready-to-wear/proenza-schouler, Proenza Schouler
Fall 2013 Ready To Wear,https://www.vogue.com/fashion-shows/fall-2013-ready-to-wear/r-ii-s, R II S
Fall 2013 Ready To Wear,https://www.vogue.com/fashion-shows/fall-2013-ready-to-wear/rabanne, Rabanne
Fall 2013 Ready To Wear,https://www.vogue.com/fashion-shows/fall-2013-ready-to-wear/rachel-antonoff, Rachel Antonoff
Fall 2013 Ready To Wear,https://www.vogue.com/fashion-shows/fall-2013-ready-to-wear/rachel-comey, Rachel Comey
Fall 2013 Ready To Wear,https://www.vogue.com/fashion-shows/fall-2013-ready-to-wear/rachel-roy, Rachel Roy
Fall 2013 Ready To Wear,https://www.vogue.com/fashion-shows/fall-2013-ready-to-wear/rachel-zoe, Rachel Zoe
Fall 2013 Ready To Wear,https://www.vogue.com/fashion-shows/fall-2013-ready-to-wear/raeburn, Raeburn
Fall 2013 Ready To Wear,https://www.vogue.com/fashion-shows/fall-2013-ready-to-wear/rag-&-bone, Rag & Bone
Fall 2013 Ready To Wear,https://www.vogue.com/fashion-shows/fall-2013-ready-to-wear/ralph-lauren, Ralph Lauren
Fall 2013 Ready To Wear,https://www.vogue.com/fashion-shows/fall-2013-ready-to-wear/ralph-rucci, Ralph Rucci
Fall 2013 Ready To Wear,https://www.vogue.com/fashion-shows/fall-2013-ready-to-wear/raquel-allegra, Raquel Allegra
Fall 2013 Ready To Wear,https://www.vogue.com/fashion-shows/fall-2013-ready-to-wear/rebecca-minkoff, Rebecca Minkoff
Fall 2013 Ready To Wear,https://www.vogue.com/fashion-shows/fall-2013-ready-to-wear/rebecca-taylor, Rebecca Taylor
Fall 2013 Ready To Wear,https://www.vogue.com/fashion-shows/fall-2013-ready-to-wear/red-valentino, Red Valentino
Fall 2013 Ready To Wear,https://www.vogue.com/fashion-shows/fall-2013-ready-to-wear/reed-krakoff, Reed Krakoff
Fall 2013 Ready To Wear,https://www.vogue.com/fashion-shows/fall-2013-ready-to-wear/reem-acra, Reem Acra
Fall 2013 Ready To Wear,https://www.vogue.com/fashion-shows/fall-2013-ready-to-wear/rena-lange, Rena Lange
Fall 2013 Ready To Wear,https://www.vogue.com/fashion-shows/fall-2013-ready-to-wear/richard-chai-love, Richard Chai Love
Fall 2013 Ready To Wear,https://www.vogue.com/fashion-shows/fall-2013-ready-to-wear/richard-nicoll, Richard Nicoll
Fall 2013 Ready To Wear,https://www.vogue.com/fashion-shows/fall-2013-ready-to-wear/rick-owens, Rick Owens
Fall 2013 Ready To Wear,https://www.vogue.com/fashion-shows/fall-2013-ready-to-wear/roberto-cavalli, Roberto Cavalli
Fall 2013 Ready To Wear,https://www.vogue.com/fashion-shows/fall-2013-ready-to-wear/rochas, Rochas
Fall 2013 Ready To Wear,https://www.vogue.com/fashion-shows/fall-2013-ready-to-wear/rodarte, Rodarte
Fall 2013 Ready To Wear,https://www.vogue.com/fashion-shows/fall-2013-ready-to-wear/rodebjer, Rodebjer
Fall 2013 Ready To Wear,https://www.vogue.com/fashion-shows/fall-2013-ready-to-wear/rogan, Rogan
Fall 2013 Ready To Wear,https://www.vogue.com/fashion-shows/fall-2013-ready-to-wear/roksanda, Roksanda
Fall 2013 Ready To Wear,https://www.vogue.com/fashion-shows/fall-2013-ready-to-wear/roland-mouret, Roland Mouret
Fall 2013 Ready To Wear,https://www.vogue.com/fashion-shows/fall-2013-ready-to-wear/romance-was-born, Romance Was Born
Fall 2013 Ready To Wear,https://www.vogue.com/fashion-shows/fall-2013-ready-to-wear/roopa-pemmaraju, Roopa Pemmaraju
Fall 2013 Ready To Wear,https://www.vogue.com/fashion-shows/fall-2013-ready-to-wear/rue-du-mail, Rue du Mail
Fall 2013 Ready To Wear,https://www.vogue.com/fashion-shows/fall-2013-ready-to-wear/ruffian, Ruffian
Fall 2013 Ready To Wear,https://www.vogue.com/fashion-shows/fall-2013-ready-to-wear/sacai, Sacai
Fall 2013 Ready To Wear,https://www.vogue.com/fashion-shows/fall-2013-ready-to-wear/sachin-&-babi, Sachin & Babi
Fall 2013 Ready To Wear,https://www.vogue.com/fashion-shows/fall-2013-ready-to-wear/saint-laurent, Saint Laurent
Fall 2013 Ready To Wear,https://www.vogue.com/fashion-shows/fall-2013-ready-to-wear/saloni, Saloni
Fall 2013 Ready To Wear,https://www.vogue.com/fashion-shows/fall-2013-ready-to-wear/sass-&-bide, Sass & Bide
Fall 2013 Ready To Wear,https://www.vogue.com/fashion-shows/fall-2013-ready-to-wear/sea, Sea
Fall 2013 Ready To Wear,https://www.vogue.com/fashion-shows/fall-2013-ready-to-wear/see-by-chloe, See by Chloé
Fall 2013 Ready To Wear,https://www.vogue.com/fashion-shows/fall-2013-ready-to-wear/sharon-wauchob, Sharon Wauchob
Fall 2013 Ready To Wear,https://www.vogue.com/fashion-shows/fall-2013-ready-to-wear/simkhai, Simkhai
Fall 2013 Ready To Wear,https://www.vogue.com/fashion-shows/fall-2013-ready-to-wear/simone-rocha, Simone Rocha
Fall 2013 Ready To Wear,https://www.vogue.com/fashion-shows/fall-2013-ready-to-wear/sister-by-sibling, Sister by Sibling
Fall 2013 Ready To Wear,https://www.vogue.com/fashion-shows/fall-2013-ready-to-wear/somarta, Somarta
Fall 2013 Ready To Wear,https://www.vogue.com/fashion-shows/fall-2013-ready-to-wear/sonia-rykiel, Sonia Rykiel
Fall 2013 Ready To Wear,https://www.vogue.com/fashion-shows/fall-2013-ready-to-wear/sophie-theallet, Sophie Theallet
Fall 2013 Ready To Wear,https://www.vogue.com/fashion-shows/fall-2013-ready-to-wear/sportmax, Sportmax
Fall 2013 Ready To Wear,https://www.vogue.com/fashion-shows/fall-2013-ready-to-wear/st-john, St. John
Fall 2013 Ready To Wear,https://www.vogue.com/fashion-shows/fall-2013-ready-to-wear/stella-mccartney, Stella McCartney
Fall 2013 Ready To Wear,https://www.vogue.com/fashion-shows/fall-2013-ready-to-wear/stephan-pelger, Stephan Pelger
Fall 2013 Ready To Wear,https://www.vogue.com/fashion-shows/fall-2013-ready-to-wear/steven-alan, Steven Alan
Fall 2013 Ready To Wear,https://www.vogue.com/fashion-shows/fall-2013-ready-to-wear/suboo, Suboo
Fall 2013 Ready To Wear,https://www.vogue.com/fashion-shows/fall-2013-ready-to-wear/suno, Suno
Fall 2013 Ready To Wear,https://www.vogue.com/fashion-shows/fall-2013-ready-to-wear/surface-to-air, Surface to Air
Fall 2013 Ready To Wear,https://www.vogue.com/fashion-shows/fall-2013-ready-to-wear/t-by-alexander-wang, T by Alexander Wang
Fall 2013 Ready To Wear,https://www.vogue.com/fashion-shows/fall-2013-ready-to-wear/tadashi-shoji, Tadashi Shoji
Fall 2013 Ready To Wear,https://www.vogue.com/fashion-shows/fall-2013-ready-to-wear/talbot-runhof, Talbot Runhof
Fall 2013 Ready To Wear,https://www.vogue.com/fashion-shows/fall-2013-ready-to-wear/tanya-taylor, Tanya Taylor
Fall 2013 Ready To Wear,https://www.vogue.com/fashion-shows/fall-2013-ready-to-wear/temperley-london, Temperley London
Fall 2013 Ready To Wear,https://www.vogue.com/fashion-shows/fall-2013-ready-to-wear/ter-et-bantine, Ter et Bantine
Fall 2013 Ready To Wear,https://www.vogue.com/fashion-shows/fall-2013-ready-to-wear/tess-giberson, Tess Giberson
Fall 2013 Ready To Wear,https://www.vogue.com/fashion-shows/fall-2013-ready-to-wear/thakoon, Thakoon
Fall 2013 Ready To Wear,https://www.vogue.com/fashion-shows/fall-2013-ready-to-wear/thakoon-addition, Thakoon Addition
Fall 2013 Ready To Wear,https://www.vogue.com/fashion-shows/fall-2013-ready-to-wear/the-dress-&-co-, The Dress & Co.
Fall 2013 Ready To Wear,https://www.vogue.com/fashion-shows/fall-2013-ready-to-wear/the-elder-statesman, The Elder Statesman
Fall 2013 Ready To Wear,https://www.vogue.com/fashion-shows/fall-2013-ready-to-wear/the-local-firm, The Local Firm
Fall 2013 Ready To Wear,https://www.vogue.com/fashion-shows/fall-2013-ready-to-wear/the-row, The Row
Fall 2013 Ready To Wear,https://www.vogue.com/fashion-shows/fall-2013-ready-to-wear/theyskens'-theory, Theyskens' Theory
Fall 2013 Ready To Wear,https://www.vogue.com/fashion-shows/fall-2013-ready-to-wear/thom-browne, Thom Browne
Fall 2013 Ready To Wear,https://www.vogue.com/fashion-shows/fall-2013-ready-to-wear/thomas-tait, Thomas Tait
Fall 2013 Ready To Wear,https://www.vogue.com/fashion-shows/fall-2013-ready-to-wear/threeasfour, Threeasfour
Fall 2013 Ready To Wear,https://www.vogue.com/fashion-shows/fall-2013-ready-to-wear/tia-cibani, Tia Cibani
Fall 2013 Ready To Wear,https://www.vogue.com/fashion-shows/fall-2013-ready-to-wear/tibi, Tibi
Fall 2013 Ready To Wear,https://www.vogue.com/fashion-shows/fall-2013-ready-to-wear/tiger-of-sweden, Tiger of Sweden
Fall 2013 Ready To Wear,https://www.vogue.com/fashion-shows/fall-2013-ready-to-wear/tiit, Tiit
Fall 2013 Ready To Wear,https://www.vogue.com/fashion-shows/fall-2013-ready-to-wear/timo-weiland, Timo Weiland
Fall 2013 Ready To Wear,https://www.vogue.com/fashion-shows/fall-2013-ready-to-wear/tocca, Tocca
Fall 2013 Ready To Wear,https://www.vogue.com/fashion-shows/fall-2013-ready-to-wear/todd-lynn, Todd Lynn
Fall 2013 Ready To Wear,https://www.vogue.com/fashion-shows/fall-2013-ready-to-wear/tom-ford, Tom Ford
Fall 2013 Ready To Wear,https://www.vogue.com/fashion-shows/fall-2013-ready-to-wear/tome, Tome
Fall 2013 Ready To Wear,https://www.vogue.com/fashion-shows/fall-2013-ready-to-wear/tommy-hilfiger, Tommy Hilfiger
Fall 2013 Ready To Wear,https://www.vogue.com/fashion-shows/fall-2013-ready-to-wear/topshop-unique, Topshop Unique
Fall 2013 Ready To Wear,https://www.vogue.com/fashion-shows/fall-2013-ready-to-wear/tory-burch, Tory Burch
Fall 2013 Ready To Wear,https://www.vogue.com/fashion-shows/fall-2013-ready-to-wear/tracy-reese, Tracy Reese
Fall 2013 Ready To Wear,https://www.vogue.com/fashion-shows/fall-2013-ready-to-wear/tribune-standard, Tribune Standard
Fall 2013 Ready To Wear,https://www.vogue.com/fashion-shows/fall-2013-ready-to-wear/trina-turk, Trina Turk
Fall 2013 Ready To Wear,https://www.vogue.com/fashion-shows/fall-2013-ready-to-wear/trussardi, Trussardi
Fall 2013 Ready To Wear,https://www.vogue.com/fashion-shows/fall-2013-ready-to-wear/tsumori-chisato, Tsumori Chisato
Fall 2013 Ready To Wear,https://www.vogue.com/fashion-shows/fall-2013-ready-to-wear/tucker, Tucker
Fall 2013 Ready To Wear,https://www.vogue.com/fashion-shows/fall-2013-ready-to-wear/twenty8twelve, Twenty8Twelve
Fall 2013 Ready To Wear,https://www.vogue.com/fashion-shows/fall-2013-ready-to-wear/undercover, Undercover
Fall 2013 Ready To Wear,https://www.vogue.com/fashion-shows/fall-2013-ready-to-wear/valentin-yudashkin, Valentin Yudashkin
Fall 2013 Ready To Wear,https://www.vogue.com/fashion-shows/fall-2013-ready-to-wear/valentino, Valentino
Fall 2013 Ready To Wear,https://www.vogue.com/fashion-shows/fall-2013-ready-to-wear/vanessa-bruno, Vanessa Bruno
Fall 2013 Ready To Wear,https://www.vogue.com/fashion-shows/fall-2013-ready-to-wear/vanishing-elephant, Vanishing Elephant
Fall 2013 Ready To Wear,https://www.vogue.com/fashion-shows/fall-2013-ready-to-wear/vena-cava, Vena Cava
Fall 2013 Ready To Wear,https://www.vogue.com/fashion-shows/fall-2013-ready-to-wear/vera-wang, Vera Wang
Fall 2013 Ready To Wear,https://www.vogue.com/fashion-shows/fall-2013-ready-to-wear/veronica-b-vallenes, Veronica B. Vallenes
Fall 2013 Ready To Wear,https://www.vogue.com/fashion-shows/fall-2013-ready-to-wear/veronica-beard, Veronica Beard
Fall 2013 Ready To Wear,https://www.vogue.com/fashion-shows/fall-2013-ready-to-wear/veronique-branquinho, Veronique Branquinho
Fall 2013 Ready To Wear,https://www.vogue.com/fashion-shows/fall-2013-ready-to-wear/veronique-leroy, Véronique Leroy
Fall 2013 Ready To Wear,https://www.vogue.com/fashion-shows/fall-2013-ready-to-wear/versace, Versace
Fall 2013 Ready To Wear,https://www.vogue.com/fashion-shows/fall-2013-ready-to-wear/versus-versace, Versus Versace
Fall 2013 Ready To Wear,https://www.vogue.com/fashion-shows/fall-2013-ready-to-wear/victoria-beckham, Victoria Beckham
Fall 2013 Ready To Wear,https://www.vogue.com/fashion-shows/fall-2013-ready-to-wear/victoria-victoria-beckham, Victoria Victoria Beckham
Fall 2013 Ready To Wear,https://www.vogue.com/fashion-shows/fall-2013-ready-to-wear/vika-gazinskaya, Vika Gazinskaya
Fall 2013 Ready To Wear,https://www.vogue.com/fashion-shows/fall-2013-ready-to-wear/viktor-&-rolf, Viktor & Rolf
Fall 2013 Ready To Wear,https://www.vogue.com/fashion-shows/fall-2013-ready-to-wear/vionnet, Vionnet
Fall 2013 Ready To Wear,https://www.vogue.com/fashion-shows/fall-2013-ready-to-wear/vivienne-tam, Vivienne Tam
Fall 2013 Ready To Wear,https://www.vogue.com/fashion-shows/fall-2013-ready-to-wear/vivienne-westwood, Vivienne Westwood
Fall 2013 Ready To Wear,https://www.vogue.com/fashion-shows/fall-2013-ready-to-wear/vladimir-karaleev, Vladimir Karaleev
Fall 2013 Ready To Wear,https://www.vogue.com/fashion-shows/fall-2013-ready-to-wear/vpl, VPL
Fall 2013 Ready To Wear,https://www.vogue.com/fashion-shows/fall-2013-ready-to-wear/we-are-handsome, We Are Handsome
Fall 2013 Ready To Wear,https://www.vogue.com/fashion-shows/fall-2013-ready-to-wear/wendy-nichol, Wendy Nichol
Fall 2013 Ready To Wear,https://www.vogue.com/fashion-shows/fall-2013-ready-to-wear/wes-gordon, Wes Gordon
Fall 2013 Ready To Wear,https://www.vogue.com/fashion-shows/fall-2013-ready-to-wear/whit, Whit
Fall 2013 Ready To Wear,https://www.vogue.com/fashion-shows/fall-2013-ready-to-wear/whiz-limited, Whiz Limited
Fall 2013 Ready To Wear,https://www.vogue.com/fashion-shows/fall-2013-ready-to-wear/whyred, Whyred
Fall 2013 Ready To Wear,https://www.vogue.com/fashion-shows/fall-2013-ready-to-wear/willow, Willow
Fall 2013 Ready To Wear,https://www.vogue.com/fashion-shows/fall-2013-ready-to-wear/wood-wood, Wood Wood
Fall 2013 Ready To Wear,https://www.vogue.com/fashion-shows/fall-2013-ready-to-wear/wren, Wren
Fall 2013 Ready To Wear,https://www.vogue.com/fashion-shows/fall-2013-ready-to-wear/y-3, Y-3
Fall 2013 Ready To Wear,https://www.vogue.com/fashion-shows/fall-2013-ready-to-wear/yang-li, Yang Li
Fall 2013 Ready To Wear,https://www.vogue.com/fashion-shows/fall-2013-ready-to-wear/yasutoshi-ezumi, Yasutoshi Ezumi
Fall 2013 Ready To Wear,https://www.vogue.com/fashion-shows/fall-2013-ready-to-wear/yeohlee, Yeohlee
Fall 2013 Ready To Wear,https://www.vogue.com/fashion-shows/fall-2013-ready-to-wear/yigal-azrouel, Yigal Azrouël
Fall 2013 Ready To Wear,https://www.vogue.com/fashion-shows/fall-2013-ready-to-wear/yohji-yamamoto, Yohji Yamamoto
Fall 2013 Ready To Wear,https://www.vogue.com/fashion-shows/fall-2013-ready-to-wear/yoshio-kubo, Yoshio Kubo
Fall 2013 Ready To Wear,https://www.vogue.com/fashion-shows/fall-2013-ready-to-wear/zac-posen, Zac Posen
Fall 2013 Ready To Wear,https://www.vogue.com/fashion-shows/fall-2013-ready-to-wear/zac-zac-posen, ZAC Zac Posen
Fall 2013 Ready To Wear,https://www.vogue.com/fashion-shows/fall-2013-ready-to-wear/zadig-&-voltaire, Zadig & Voltaire
Fall 2013 Ready To Wear,https://www.vogue.com/fashion-shows/fall-2013-ready-to-wear/zambesi, Zambesi
Fall 2013 Ready To Wear,https://www.vogue.com/fashion-shows/fall-2013-ready-to-wear/zero-+-maria-cornejo, Zero + Maria Cornejo
Fall 2013 Ready To Wear,https://www.vogue.com/fashion-shows/fall-2013-ready-to-wear/zuhair-murad, Zuhair Murad
Fall 2013 Ready To Wear,https://www.vogue.com/fashion-shows/fall-2013-ready-to-wear/1-piu-1-uguale-3, 1 Piu 1 Uguale 3
Fall 2013 Ready To Wear,https://www.vogue.com/fashion-shows/fall-2013-ready-to-wear/3-1-phillip-lim, 3.1 Phillip Lim
