season,url,list-of-brands
Fall 2007 Ready To Wear,https://www.vogue.com/fashion-shows/fall-2007-ready-to-wear,"A.F. Vandevorst, Abaeté, Adam Lippes, Akris, Alberta Ferretti, Alessandro Dell'Acqua, Alexander Wang, Alexandre Herchcovitch, Alice Roi, Andreas Kronthaler for Vivienne Westwood, Andrew Gn, Ann Demeulemeester, Anna Molinari, Anna Sui, Anne Klein, Antonio Berardi, Aquascutum, Badgley Mischka, Balenciaga, Balmain, BCBGMaxAzria, Behnaz Sarafpour, Betsey Johnson, Biba, Bill Blass, Blumarine, Bottega Veneta, Brian Reyes, Bruce, Bruno Pieters, Burberry, Calvin Klein Collection, Carlos Miele, Carmen Marc Valvo, Carolina Herrera, Catherine Malandrino, Celine, Central Saint Martins M.A., Chaiken, Chalayan, Chanel, Chloé, Chris Benz, Christian Dior, Christian Lacroix, Christopher Kane, Collette Dinnigan, Comme des Garçons, Costello Tagliapietra, Costume National, Cynthia Rowley, D&G, Daks by Giles Deacon, Daryl K, Dennis Basso, Derek Lam, Derercuny, Diane von Furstenberg, DKNY, Dolce & Gabbana, Donna Karan New York, Doo.Ri, Douglas Hannant, Dries Van Noten, Dsquared2, Duro Olowu, Elie Saab, Elie Tahari, Emanuel Ungaro, Emilio Pucci, Emporio Armani, Erdem, Erin Fetherston, Etro, Fashion East, Fendi, Ferragamo, Gareth Pugh, Giambattista Valli, Gianfranco Ferré, Giles Deacon, Giorgio Armani, Givenchy, Gucci, Haider Ackermann, Hamish Morrow, Heatherette, Hermès, Iceberg, Isaac Mizrahi, J. Mendel, Jason Wu Collection, Jean Paul Gaultier, Jens Laugesen, Jeremy Laing, Jil Sander, Jill Stuart, John Galliano, Jonathan Saunders, Jovovich-Hawk, Junya Watanabe, Just Cavalli, Kai Kühne, Karen Walker, Karl Lagerfeld, L'Wren Scott, La Perla, Lacoste, Lanvin, Lela Rose, Loewe, Louis Vuitton, Luca Luca, Luella, Luisa Beccaria, Maison Margiela, Malo, Marc by Marc Jacobs, Marc Jacobs, Marchesa, Marios Schwab, Marni, Martin Grant, Matthew Williamson, Maurizio Pecoraro, Max Azria, Max Mara, McQueen, Michael Kors Collection, Michon Schur, Missoni, Miu Miu, Monique Lhuillier, Moschino, Naeem Khan, Narciso Rodriguez, Nathan Jenden, Naum, Neil Barrett, Nicole Miller, Nina Ricci, Noir, Oscar de la Renta, Paul Smith, Peter Jensen, Peter Som, Peter Soronen, Phi, Philosophy di Lorenzo Serafini, Pollini, Prada, Preen by Thornton Bregazzi, Pringle of Scotland, Proenza Schouler, Rag & Bone, Ralph Lauren, Ralph Rucci, Reem Acra, Réyes, Richard Chai Love, Richard Nicoll, Rick Owens, Roberto Cavalli, Rodarte, Roksanda, Rue du Mail, Ruffian, Saint Laurent, Sari Gueron, Sinha-Stanic, Sonia Rykiel, Sophia Kokosalaki, Stærk, Stella McCartney, Tao, Temperley London, Thakoon, Threeasfour, Todd Lynn, Tommy Hilfiger, Toni Maticevski, Topshop Unique, Tory Burch, Tracy Reese, Trovata, TSE, Tuleh, Undercover, United Bamboo, Valentino, Vena Cava, Vera Wang, Veronique Branquinho, Versace, Viktor & Rolf, Vionnet, Vivienne Tam, VPL, Wunderkind, Y & Kei, Y-3, Yigal Azrouël, Yohji Yamamoto, Zac Posen, Zero + Maria Cornejo, 3.1 Phillip Lim, 6267"
Spring 2007 Ready To Wear,https://www.vogue.com/fashion-shows/spring-2007-ready-to-wear,"A.F. Vandevorst, Adam Lippes, Akris, Alberta Ferretti, Alessandro Dell'Acqua, Alexandre Herchcovitch, Alice Roi, Andreas Kronthaler for Vivienne Westwood, Andrew Gn, Ann Demeulemeester, Anna Molinari, Anna Sui, Antonio Berardi, Aquascutum, Badgley Mischka, Balenciaga, Balmain, Basso & Brooke, Behnaz Sarafpour, Belstaff, Biba, Bill Blass, Blumarine, Bottega Veneta, Burberry, Calvin Klein Collection, Carlos Miele, Carolina Herrera, Catherine Malandrino, Celine, Chaiken, Chalayan, Chanel, Chloé, Christian Dior, Christian Lacroix, Christopher Kane, Comme des Garçons, Costello Tagliapietra, Costume National, Danielle Scutt, Derek Lam, Diane von Furstenberg, DKNY, Donna Karan New York, Doo.Ri, Dries Van Noten, Dsquared2, Elie Saab, Emanuel Ungaro, Emilio Pucci, Emporio Armani, Erdem, Erin Fetherston, Etro, Fendi, Ferragamo, Gareth Pugh, Giambattista Valli, Gianfranco Ferré, Giles Deacon, Giorgio Armani, Givenchy, Gucci, Hamish Morrow, Hermès, J. Mendel, Jasmine Di Milo, Jason Wu Collection, Jean Paul Gaultier, Jenni Kayne, Jeremy Laing, Jil Sander, Jill Stuart, John Galliano, Jonathan Saunders, Josh Goot, Jovovich-Hawk, Junya Watanabe, Kai Kühne, Karen Walker, Karl Lagerfeld, L.A.M.B., La Perla, Lanvin, Lela Rose, Loewe, Louis Vuitton, Luca Luca, Luella, Luisa Beccaria, Maison Margiela, Malo, Marc by Marc Jacobs, Marc Jacobs, Marchesa, Marios Schwab, Marni, Martin Grant, Matthew Williamson, Maurizio Pecoraro, Max Azria, Max Mara, McQueen, Michael Kors Collection, Michon Schur, Missoni, Miu Miu, Monique Lhuillier, Moschino, Narciso Rodriguez, Nathan Jenden, Nicolas Andreas Taralis, Noir, Oscar de la Renta, Paul Smith, Peter Jensen, Peter Som, Phi, Pollini, Prada, Preen by Thornton Bregazzi, Pringle of Scotland, Proenza Schouler, Rag & Bone, Ralph Lauren, Ralph Rucci, Richard Chai Love, Richard Nicoll, Rick Owens, Roberto Cavalli, Rodarte, Roksanda, Ruffian, Sabyasachi, Saint Laurent, Sari Gueron, Sinha-Stanic, Sonia Rykiel, Sophia Kokosalaki, Stærk, Stella McCartney, Stephen Burrows, Tao, Temperley London, Thakoon, Threeasfour, Todd Lynn, Toni Maticevski, Topshop Unique, Tory Burch, Trovata, TSE, Tuleh, Undercover, United Bamboo, Valentino, Vena Cava, Vera Wang, Veronique Branquinho, Versace, Viktor & Rolf, VPL, Wunderkind, Y & Kei, Y-3, Yigal Azrouël, Yohji Yamamoto, Zac Posen, Zero + Maria Cornejo, 3.1 Phillip Lim, 6267"
Fall 2006 Ready To Wear,https://www.vogue.com/fashion-shows/fall-2006-ready-to-wear,"A.F. Vandevorst, Adam Lippes, Akris, Alberta Ferretti, Alessandro Dell'Acqua, Alexandre Herchcovitch, Alice Roi, Andreas Kronthaler for Vivienne Westwood, Andrew Gn, Ann Demeulemeester, Anna Sui, Antonio Berardi, Aquascutum, Araks, Badgley Mischka, Balenciaga, Basso & Brooke, BCBGMaxAzria, Behnaz Sarafpour, Bill Blass, Blumarine, Bottega Veneta, Boudicca, Brian Reyes, Brioni, Burberry, Calvin Klein Collection, Carolina Herrera, Catherine Malandrino, Celine, Central Saint Martins M.A., Chaiken, Chalayan, Chanel, Chloé, Christian Dior, Christian Lacroix, Comme des Garçons, Costello Tagliapietra, Costume National, D&G, Daryl K, Derek Lam, Diane von Furstenberg, DKNY, Dolce & Gabbana, Donna Karan New York, Doo.Ri, Dries Van Noten, Dsquared2, Elie Saab, Emanuel Ungaro, Emilio Pucci, Emma Cook, Emporio Armani, Erdem, Etro, Fendi, Ferragamo, Gareth Pugh, Giambattista Valli, Giles Deacon, Giorgio Armani, Givenchy, Gucci, Hermès, J. Mendel, Jasmin Shokrian, Jean Paul Gaultier, Jenni Kayne, Jil Sander, Jill Stuart, John Galliano, Jonathan Saunders, Junya Watanabe, Kai Kühne, Karl Lagerfeld, Kenneth Cole New York, Kenzo, Lacoste, Lanvin, Louis Vuitton, Luca Luca, Luella, Maison Margiela, Malo, Marc by Marc Jacobs, Marc Jacobs, Marios Schwab, Marni, Martin Grant, Matthew Williamson, Max Mara, McQueen, Menichetti, Michael Kors Collection, Missoni, Miu Miu, Monique Lhuillier, Moschino, Narciso Rodriguez, Nathan Jenden, Naum, Neil Barrett, Nicolas Andreas Taralis, Nina Ricci, Noir, Oscar de la Renta, Paul Smith, Peter Jensen, Peter Som, Phi, Pollini, Prada, Preen by Thornton Bregazzi, Proenza Schouler, Rabanne, Ralph Lauren, Ralph Rucci, Richard Chai Love, Richard Nicoll, Rick Owens, Roberto Cavalli, Rochas, Rodarte, Roksanda, Ruffian, Saint Laurent, Sari Gueron, Sinha-Stanic, Sonia Rykiel, Sophia Kokosalaki, Stella McCartney, Strenesse, Sweetface, Tao, Temperley London, Thakoon, Threeasfour, Tory Burch, Trovata, TSE, Tuleh, Undercover, United Bamboo, Valentino, Vena Cava, Vera Wang, Veronique Branquinho, Verrier, Versace, Viktor & Rolf, VPL, Wunderkind, Y & Kei, Y-3, Yigal Azrouël, Yohji Yamamoto, Zac Posen, Zero + Maria Cornejo, 3.1 Phillip Lim, 6267"
Spring 2006 Ready To Wear,https://www.vogue.com/fashion-shows/spring-2006-ready-to-wear,"A.F. Vandevorst, Akris, Alberta Ferretti, Alessandro Dell'Acqua, Alexandre Herchcovitch, Andreas Kronthaler for Vivienne Westwood, Andrew Gn, Ann Demeulemeester, Anna Molinari, Anna Sui, Aquascutum, As Four, Badgley Mischka, Balenciaga, Basso & Brooke, BCBGMaxAzria, Behnaz Sarafpour, Bill Blass, Bottega Veneta, Boudicca, Brian Reyes, Burberry, C-Neeon, Calvin Klein Collection, Carolina Herrera, Catherine Malandrino, Celine, Chaiken, Chalayan, Chanel, Chloé, Christian Dior, Christian Lacroix, Clements Ribeiro, Comme des Garçons, Costello Tagliapietra, Costume National, D&G, Derek Lam, Diane von Furstenberg, DKNY, Dolce & Gabbana, Donna Karan New York, Doo.Ri, Dries Van Noten, Dsquared2, Elie Saab, Emanuel Ungaro, Emilio Pucci, Emporio Armani, Etro, Fashion East, Fashion Fringe, Fendi, Ferragamo, Giambattista Valli, Giles Deacon, Giorgio Armani, Givenchy, Gucci, Hermès, Imitation of Christ, J. Mendel, Jean Paul Gaultier, Jenni Kayne, Jeremy Laing, Jil Sander, Jill Stuart, John Galliano, Jonathan Saunders, Junya Watanabe, Kai Kühne, Kenneth Cole New York, Kenzo, L.A.M.B., Lacoste, Lagerfeld Gallery, Lanvin, Libertine, Louis Vuitton, Luca Luca, Luella, Maison Margiela, Marc by Marc Jacobs, Marc Jacobs, Marni, Martin Grant, Mary Ping, Matthew Williamson, Maurizio Pecoraro, Max Mara, McQueen, Menichetti, Michael Kors Collection, Michon Schur, Missoni, Miu Miu, Monique Lhuillier, Moschino, Narciso Rodriguez, Naum, Nicolas Andreas Taralis, Nicole Miller, Nina Ricci, Oscar de la Renta, Paul Smith, Peter Jensen, Peter Som, Phi, Philosophy di Lorenzo Serafini, Pollini, Prada, Preen by Thornton Bregazzi, Proenza Schouler, Project Alabama, Rabanne, Ralph Lauren, Ralph Rucci, Richard Chai Love, Rick Owens, Roberto Cavalli, Rochas, Rodarte, Roksanda, Roland Mouret, Saint Laurent, Sari Gueron, Sinha-Stanic, Sophia Kokosalaki, Stella McCartney, Stephen Burrows, Strenesse, Tao, Temperley London, Thakoon, Tommy Hilfiger, Topshop Unique, Tuleh, Undercover, United Bamboo, Valentino, Vera Wang, Veronique Branquinho, Véronique Leroy, Verrier, Versace, Viktor & Rolf, VPL, Who Is on Next, Wunderkind, Y & Kei, Y-3, Yohji Yamamoto, Zac Posen, Zero + Maria Cornejo"
Fall 2005 Ready To Wear,https://www.vogue.com/fashion-shows/fall-2005-ready-to-wear,"A.F. Vandevorst, Akris, Alberta Ferretti, Alessandro Dell'Acqua, Alexandre Herchcovitch, Ann Demeulemeester, Anna Sui, Aquascutum, As Four, Balenciaga, Basso & Brooke, BCBGMaxAzria, Behnaz Sarafpour, Bill Blass, Bottega Veneta, Boudicca, Bruno Pieters, Burberry, Calvin Klein Collection, Carolina Herrera, Celine, Chaiken, Chalayan, Chanel, Chloé, Christian Dior, Christian Lacroix, Clements Ribeiro, Comme des Garçons, Costello Tagliapietra, Costume National, D&G, Daryl K, Derek Lam, Diane von Furstenberg, DKNY, Dolce & Gabbana, Donna Karan New York, Doo.Ri, Dries Van Noten, Dsquared2, Eleykishimoto Ellesse, Emanuel Ungaro, Emilio Pucci, Emporio Armani, Etro, Fendi, Gardem, Giambattista Valli, Giles Deacon, Giorgio Armani, Gucci, Habitual, Hermès, Imitation of Christ, J. Mendel, Jasmin Shokrian, Jean Paul Gaultier, Jeffrey Chow, Jil Sander, Jill Stuart, John Galliano, Jonathan Saunders, Junya Watanabe, Kenneth Cole New York, Kenzo, Lagerfeld Gallery, Lanvin, Lela Rose, Louis Vuitton, Luca Luca, Luella, Marc by Marc Jacobs, Marc Jacobs, Marni, Martin Grant, Matthew Williamson, Max Mara, McQueen, Menichetti, Michael Kors Collection, Missoni, Miu Miu, Monique Lhuillier, Moschino, Narciso Rodriguez, Nina Donis, Nina Ricci, Oscar de la Renta, Paul Smith, Peter Jensen, Peter Som, Phi, Pollini, Prada, Preen by Thornton Bregazzi, Proenza Schouler, Rabanne, Ralph Lauren, Ralph Rucci, Riccardo Tisci, Richard Chai Love, Rick Owens, Roberto Cavalli, Rochas, Roland Mouret, Saint Laurent, Sari Gueron, Sinha-Stanic, Sophia Kokosalaki, Stella McCartney, Sweetface, Temperley London, Tess Giberson, Thakoon, Tsumori Chisato, Tuleh, Undercover, United Bamboo, Valentino, Vera Wang, Veronique Branquinho, Versace, Viktor & Rolf, Wunderkind, Yohji Yamamoto, Zac Posen, Zero + Maria Cornejo"
Spring 2005 Ready To Wear,https://www.vogue.com/fashion-shows/spring-2005-ready-to-wear,"A.F. Vandevorst, Akris, Alberta Ferretti, Alessandro Dell'Acqua, Alexandre Herchcovitch, Alistair Carr, Ann Demeulemeester, Anna Molinari, Anna Sui, As Four, Ashish, Balenciaga, BCBGMaxAzria, Behnaz Sarafpour, Bill Blass, Bottega Veneta, Boudicca, Buddhist Punk, Burberry, Calvin Klein Collection, Carolina Herrera, Celine, Chalayan, Chanel, Charles Anastase, Chloé, Christian Dior, Christian Lacroix, Clements Ribeiro, Comme des Garçons, Costume National, D&G, Daryl K, Derek Lam, Diane von Furstenberg, DKNY, Dolce & Gabbana, Donna Karan New York, Doo.Ri, Dries Van Noten, Dsquared2, Eley Kishimoto, Eleykishimoto Ellesse, Emanuel Ungaro, Emilio Pucci, Emma Cook, Emporio Armani, Etro, Fashion Fringe, Fendi, Gardem, Giles Deacon, Giorgio Armani, Gucci, Helmut Lang, Imitation of Christ, J. Mendel, Jean Paul Gaultier, Jeffrey Chow, Jil Sander, Jill Stuart, John Galliano, Jonathan Saunders, Junya Watanabe, Kenneth Cole New York, Lagerfeld Gallery, Lanvin, Lela Rose, Louis Vuitton, Luca Luca, Luella, Marc by Marc Jacobs, Marc Jacobs, Marni, Martin Grant, Matthew Williamson, Max Mara, McQueen, Menichetti, Michael Kors Collection, Miguel Adrover, Missoni, Miu Miu, Monique Lhuillier, Moschino, Narciso Rodriguez, Nina Ricci, Oscar de la Renta, Paul Smith, Perry Ellis, Peter Jensen, Peter Som, Phi, Pollini, Prada, Preen by Thornton Bregazzi, Proenza Schouler, Ralph Lauren, Ralph Rucci, Richard Chai Love, Rick Owens, Roberto Cavalli, Rochas, Roland Mouret, Saint Laurent, Sari Gueron, Sebastian Pons, Sonia Rykiel, Sophia Kokosalaki, Stella McCartney, Temperley London, Thakoon, Tommy Hilfiger, Tuleh, Undercover, United Bamboo, Valentino, Vera Wang, Veronique Branquinho, Versace, Viktor & Rolf, VPL, Wunderkind, Yohji Yamamoto, Zac Posen"
Fall 2004 Ready To Wear,https://www.vogue.com/fashion-shows/fall-2004-ready-to-wear,"A.F. Vandevorst, Akris, Alberta Ferretti, Alessandro Dell'Acqua, Ann Demeulemeester, Anna Molinari, Anna Sui, As Four, Badgley Mischka, Balenciaga, BCBGMaxAzria, Behnaz Sarafpour, Bill Blass, Bottega Veneta, Boudicca, Burberry, Calvin Klein Collection, Carolina Herrera, Celine, Chalayan, Chanel, Cher Michel Klein, Chloé, Christian Dior, Christian Lacroix, Clements Ribeiro, Comme des Garçons, Costume National, D&G, Daryl K, Derek Lam, Diane von Furstenberg, DKNY, Dolce & Gabbana, Donna Karan New York, Dries Van Noten, Dsquared2, Emanuel Ungaro, Emilio Pucci, Emporio Armani, Fendi, Giles Deacon, Giorgio Armani, Givenchy, Gucci, Helmut Lang, Hermès, Imitation of Christ, J. Mendel, Jean Paul Gaultier, Jeffrey Chow, Jil Sander, Jill Stuart, John Galliano, Jonathan Saunders, Junya Watanabe, Kenneth Cole New York, Lagerfeld Gallery, Lanvin, Lawrence Steele, Libertine, London Roundup, Louis Vuitton, Luca Luca, Luella, Marc by Marc Jacobs, Marc Jacobs, Marni, Martin Grant, Martine Sitbon, Max Mara, McQueen, Menichetti, Michael Kors Collection, Missoni, Miu Miu, Monique Lhuillier, Moschino, Narciso Rodriguez, Nina Ricci, Oscar de la Renta, Perry Ellis, Peter Som, Phi, Pierrot, Pollini, Prada, Preen by Thornton Bregazzi, Proenza Schouler, Ralph Lauren, Ralph Rucci, Revillon, Rick Owens, Roberto Cavalli, Rochas, Saint Laurent, Sebastian Pons, Sonia Rykiel, Sophia Kokosalaki, Stella McCartney, Tim van Steenbergen, Tuleh, Undercover, United Bamboo, Valentino, Vera Wang, Veronique Branquinho, Versace, Versus Versace, Viktor & Rolf, Y’s, Yohji Yamamoto, Zac Posen"
Spring 2004 Ready To Wear,https://www.vogue.com/fashion-shows/spring-2004-ready-to-wear,"A.F. Vandevorst, Alberta Ferretti, Alessandro Dell'Acqua, Andrew Gn, Ann Demeulemeester, Anna Molinari, Anna Sui, Anne Klein, As Four, Badgley Mischka, Balenciaga, BCBGMaxAzria, Behnaz Sarafpour, Betsey Johnson, Bill Blass, Blaak, Boudicca, Burberry, Calvin Klein Collection, Capucci, Carolina Herrera, Celine, Chalayan, Chanel, Chloé, Christian Dior, Clements Ribeiro, Comme des Garçons, Costume National, D&G, Daryl K, Derek Lam, Diane von Furstenberg, DKNY, Dolce & Gabbana, Donna Karan New York, Dries Van Noten, Dsquared2, Emanuel Ungaro, Emilio Pucci, Emma Cook, Emporio Armani, Fendi, FrostFrench, Gianfranco Ferré, Giorgio Armani, Givenchy, Gucci, Haider Ackermann, Hamish Morrow, Helmut Lang, Imitation of Christ, Jean Paul Gaultier, Jens Laugesen, Jil Sander, Jill Stuart, John Galliano, Jonathan Saunders, Julien Macdonald, Junya Watanabe, Kenneth Cole New York, Kim Jones, Krizia, Lagerfeld Gallery, Lanvin, Louis Vuitton, Luca Luca, Luella, Marc by Marc Jacobs, Marc Jacobs, Marni, Martin Grant, Martine Sitbon, Matthew Williamson, Max Mara, McQueen, Michael Kors Collection, Miguel Adrover, Missoni, Miu Miu, Moschino, Narciso Rodriguez, Nina Ricci, Oscar de la Renta, Paul Smith, Peter Som, Pierrot, Prada, Preen by Thornton Bregazzi, Proenza Schouler, Rachel Comey, Ralph Lauren, Rick Owens, Roberto Cavalli, Rochas, Roland Mouret, Saint Laurent, Sebastian Pons, Sonia Rykiel, Sophia Kokosalaki, Stella McCartney, Stephen Burrows, Temperley London, Tim van Steenbergen, Tommy Hilfiger, Tuleh, Undercover, Valentino, Vera Wang, Veronique Branquinho, Versace, Versus Versace, Viktor & Rolf, Y-3, Y’s, Yohji Yamamoto, Zac Posen, Zero + Maria Cornejo"
Fall 2003 Ready To Wear,https://www.vogue.com/fashion-shows/fall-2003-ready-to-wear,"Alberta Ferretti, Alessandro Dell'Acqua, Ann Demeulemeester, Anna Molinari, Anna Sui, Anne Klein, Badgley Mischka, Balenciaga, BCBGMaxAzria, Behnaz Sarafpour, Betsey Johnson, Bill Blass, Blaak, Boudicca, Burberry, Calvin Klein Collection, Capucci, Carolina Herrera, Celine, Chalayan, Chanel, Chloé, Christian Dior, Clements Ribeiro, Comme des Garçons, Costume National, D&G, Diane von Furstenberg, DKNY, Dolce & Gabbana, Donna Karan New York, Dries Van Noten, Emanuel Ungaro, Emilio Pucci, Emma Cook, Emporio Armani, Fendi, Gianfranco Ferré, Gibo, Giorgio Armani, Givenchy, Gucci, Hamish Morrow, Helmut Lang, Imitation of Christ, James Coviello, Jasper Conran, Jean Paul Gaultier, Jeremy Scott, Jil Sander, Jill Stuart, John Galliano, Julien Macdonald, Junya Watanabe, Katayone Adeli, Kenneth Cole New York, Krizia, Lagerfeld Gallery, Lanvin, Louis Vuitton, Luella, Marc by Marc Jacobs, Marc Jacobs, Marni, Martin Grant, Martine Sitbon, Matthew Williamson, Max Mara, McQueen, Michael Kors Collection, Missoni, Miu Miu, Moschino, Narciso Rodriguez, Nicole Farhi, Nicole Miller, Oscar de la Renta, Paul Smith, Peter Som, Pierrot, Prada, Preen by Thornton Bregazzi, Proenza Schouler, Ralph Lauren, Rick Owens, Roberto Cavalli, Rochas, Roland Mouret, Saint Laurent, Sonia Rykiel, Sophia Kokosalaki, Stella McCartney, Tommy Hilfiger, Undercover, Valentino, Vera Wang, Veronique Branquinho, Versace, Versus Versace, Viktor & Rolf, Wink, Y-3, Yohji Yamamoto, Zac Posen, Zero + Maria Cornejo"
Spring 2003 Ready To Wear,https://www.vogue.com/fashion-shows/spring-2003-ready-to-wear,"A.F. Vandevorst, Alberta Ferretti, Alessandro Dell'Acqua, Alexandre Herchcovitch, Alice Roi, Ann Demeulemeester, Anna Sui, Anne Klein, Antonio Berardi, Badgley Mischka, Balenciaga, BCBGMaxAzria, Behnaz Sarafpour, Betsey Johnson, Bill Blass, Blaak, Boudicca, Burberry, Cacharel, Calvin Klein Collection, Carolina Herrera, Celine, Chalayan, Chloé, Christian Dior, Christian Lacroix, Comme des Garçons, Costume National, D&G, Diane von Furstenberg, DKNY, Dolce & Gabbana, Donna Karan New York, Dries Van Noten, Eley Kishimoto, Emanuel Ungaro, Emilio Pucci, Emma Cook, Emporio Armani, Fendi, FrostFrench, Gianfranco Ferré, Gibo, Giorgio Armani, Givenchy, Gucci, Hamish Morrow, Helmut Lang, Imitation of Christ, Istvan Francer, James Coviello, Jean Paul Gaultier, Jeremy Scott, Jil Sander, Jill Stuart, John Galliano, Julien Macdonald, Junya Watanabe, Katayone Adeli, Kenneth Cole New York, Lagerfeld Gallery, Lanvin, Louis Vuitton, Luella, M.R.S., Marc by Marc Jacobs, Marc Jacobs, Markus Lupfer, Marni, Martine Sitbon, Matthew Williamson, Maurizio Pecoraro, Max Mara, McQueen, Michael Kors Collection, Miguel Adrover, Missoni, Miu Miu, Moschino, Narciso Rodriguez, Oscar de la Renta, Paul Smith, Peter Som, Pierrot, Prada, Rafael Lopez, Ralph Lauren, Rick Owens, Roberto Cavalli, Roland Mouret, Ruffo Research, Russell Sage, Saint Laurent, Sonia Rykiel, Sophia Kokosalaki, Stella McCartney, Tommy Hilfiger, Tyler, Valentino, Vera Wang, Veronique Branquinho, Versace, Versus Versace, Viktor & Rolf, Warren Noronha, Y-3, Yohji Yamamoto, Zac Posen"
Fall 2002 Ready To Wear,https://www.vogue.com/fashion-shows/fall-2002-ready-to-wear,"A.F. Vandevorst, Alberta Ferretti, Alessandro Dell'Acqua, Alexandre Herchcovitch, Alexandre Matthieu, Alice Roi, Ann Demeulemeester, Anna Sui, Anne Klein, Antonio Berardi, As Four, Badgley Mischka, Balenciaga, BCBGMaxAzria, Behnaz Sarafpour, Benjamin Cho, Bernhard Willhelm, Betsey Johnson, Bill Blass, Blaak, Boss, Boudicca, Bruce, Burberry, Cacharel, Calvin Klein Collection, Carolina Herrera, Catherine Malandrino, Celine, Chalayan, Chloé, Christian Dior, Christian Lacroix, Clements Ribeiro, Comme des Garçons, Costume National, D&G, Diane von Furstenberg, DKNY, Dolce & Gabbana, Donna Karan New York, Dries Van Noten, Eley Kishimoto, Emanuel Ungaro, Emilio Pucci, Emma Cook, Emporio Armani, Fendi, Gary Graham, Gianfranco Ferré, Giorgio Armani, Givenchy, Gucci, Hamish Morrow, Helmut Lang, House of Jazz, Imitation of Christ, Istvan Francer, Jean Paul Gaultier, Jeremy Scott, Jil Sander, John Galliano, Julien Macdonald, Junya Watanabe, Katayone Adeli, Kenneth Cole New York, Lagerfeld Gallery, Lanvin, Lawrence Steele, Loewe, Louis Vuitton, Luella, Marc by Marc Jacobs, Marc Jacobs, Marjan Pejoski, Markus Lupfer, Marni, Martine Sitbon, Matthew Williamson, Max Mara, McQueen, Michael Kors Collection, Michelle LoweHolder, Missoni, Miu Miu, Moschino, Narciso Rodriguez, Oscar de la Renta, Peter Som, Philosophy di Lorenzo Serafini, Pierrot, Prada, Rafael Lopez, Ralph Lauren, Richard Edwards, Rick Owens, Roberto Cavalli, Roland Mouret, Ruffo Research, Russell Sage, Saint Laurent, Sonia Rykiel, Sophia Kokosalaki, Stella McCartney, Strenesse, Valentino, Vera Wang, Veronique Branquinho, Versace, Versus Versace, Viktor & Rolf, Warren Noronha, Yohji Yamamoto, Zac Posen"
Spring 2002 Ready To Wear,https://www.vogue.com/fashion-shows/spring-2002-ready-to-wear,"Alberta Ferretti, Alessandro Dell'Acqua, Alexandre Matthieu, Alice Roi, An American View, Ann Demeulemeester, Anna Molinari, Anna Sui, Antonio Berardi, Arkadius, Badgley Mischka, Balenciaga, Bally, BCBGMaxAzria, Bernhard Willhelm, Betsey Johnson, Bill Blass, Blaak, Boss, Boudicca, Bruce, Burberry, Cacharel, Calvin Klein Collection, Carolina Herrera, Celine, Cerruti, Chalayan, Chanel, Chloé, Christian Dior, Christian Lacroix, Clements Ribeiro, Comme des Garçons, Costume National, Cynthia Rowley, D&G, Diane von Furstenberg, Dolce & Gabbana, Donna Karan New York, Dries Van Noten, Emilio Pucci, Emporio Armani, Fendi, Gianfranco Ferré, Giorgio Armani, Givenchy, Gucci, Halston, Hamish Morrow, Helmut Lang, Hermès, Imitation of Christ, Jasper Conran, Jean Paul Gaultier, Jil Sander, Jill Stuart, Joe Casely-Hayford, John Galliano, Julien Macdonald, Katayone Adeli, Lawrence Steele, Louis Vuitton, Luella, Marc by Marc Jacobs, Marc Jacobs, Markus Lupfer, Marni, Martine Sitbon, Matthew Williamson, McQueen, Michael Kors Collection, Miguel Adrover, Missoni, Miu Miu, Moschino, Narciso Rodriguez, Olivier Theyskens, Oscar de la Renta, Philosophy di Lorenzo Serafini, Prada, Ralph Lauren, Richard Edwards, Roberto Cavalli, Roland Mouret, Ruffo Research, Russell Sage, Saint Laurent, Sonia Rykiel, Sophia Kokosalaki, Stella McCartney, Strenesse, Tomas Maier, Ungaro Couture, Valentino, Vera Wang, Veronique Branquinho, Versace, Versus Versace, Viktor & Rolf, Wink, Yohji Yamamoto"
Fall 2001 Ready To Wear,https://www.vogue.com/fashion-shows/fall-2001-ready-to-wear,"Alberta Ferretti, Alessandro Dell'Acqua, Alexandre Matthieu, Alice Roi, Ann Demeulemeester, Anna Sui, Antonio Berardi, Arkadius, Badgley Mischka, Balenciaga, BCBGMaxAzria, Behnaz Sarafpour, Benjamin Cho, Bernhard Willhelm, Betsey Johnson, Bill Blass, Blaak, Bottega Veneta, Boudicca, Bruce, Burberry, Cacharel, Calvin Klein Collection, Carolina Herrera, Celine, Cerruti, Chloé, Christian Dior, Christian Lacroix, Clements Ribeiro, Comme des Garçons, Costume National, Cynthia Rowley, D&G, Daryl K, Diane von Furstenberg, Dolce & Gabbana, Donna Karan New York, Dries Van Noten, Emilio Pucci, Emporio Armani, Fendi, Gianfranco Ferré, Giorgio Armani, Gucci, Hamish Morrow, Helmut Lang, Hermès, Icarius de Menezes, Imitation of Christ, Jean Paul Gaultier, Jeremy Scott, Jil Sander, John Galliano, Julien Macdonald, Katayone Adeli, Kenzo, Krizia Top, Lanvin, Lawrence Steele, Loewe, Louis Vuitton, Luella, Maison Margiela, Marc by Marc Jacobs, Marc Jacobs, Marjan Pejoski, Markus Lupfer, Marni, Martine Sitbon, Matthew Williamson, McQueen, Michael Kors Collection, Miguel Adrover, Missoni, Miu Miu, Moschino, Narciso Rodriguez, Olivier Theyskens, Oscar de la Renta, Pierrot, Prada, Preen by Thornton Bregazzi, Ralph Lauren, Richard Edwards, Richard Tyler, Roberto Cavalli, Roland Mouret, Ruffo Research, Russell Sage, Saint Laurent, Shelley Fox, Sonia Rykiel, Sophia Kokosalaki, Strenesse, Thimister, Trussardi, Tuleh, Ungaro Couture, Valentino, Veronique Branquinho, Versace, Versus Versace, Victor Alfaro, Viktor & Rolf, Vivienne Tam, Wink, Yohji Yamamoto"
Spring 2001 Ready To Wear,https://www.vogue.com/fashion-shows/spring-2001-ready-to-wear,"A.F. Vandevorst, Alberta Ferretti, Alessandro Dell'Acqua, Alexandre Matthieu, Alice Roi, Ann Demeulemeester, Anna Sui, Antonio Berardi, Arkadius, As Four, Badgley Mischka, Balenciaga, BCBGMaxAzria, Betsey Johnson, Bill Blass, Bottega Veneta, Boudicca, Bruce, Burberry, Cacharel, Callaghan, Calvin Klein Collection, Carolina Herrera, Celine, Cerruti, Chalayan, Chloé, Christian Dior, Christian Lacroix, Clements Ribeiro, Comme des Garçons, Costume National, Cynthia Rowley, D&G, Daryl K, Diane von Furstenberg, DKNY, Dolce & Gabbana, Donna Karan New York, Elspeth Gibson, Emilio Pucci, Emporio Armani, Eric Bergère, Fendi, Gianfranco Ferré, Giorgio Armani, Givenchy, Gucci, Halston, Helmut Lang, Hermès, Imitation of Christ, Jean Paul Gaultier, Jeremy Scott, Jil Sander, John Bartlett, John Galliano, Kenzo, Lanvin, Lawrence Steele, Lizzy Disney, Loewe, Louis Vuitton, Luella, Maison Margiela, Marc Jacobs, Marjan Pejoski, Markus Lupfer, Marni, Martine Sitbon, Matthew Williamson, McQueen, Michael Kors Collection, Miguel Adrover, Missoni, Miu Miu, Narciso Rodriguez, Nicole Miller, Olivier Theyskens, Oscar de la Renta, Pamela Dennis, Prada, Ralph Lauren, Randolph Duke, Richard Tyler, Roland Mouret, Ruffo Research, Russell Sage, Saint Laurent, Sally Penn, Sonia Rykiel, Sophia Kokosalaki, Tristan Webber, Tuleh, Ungaro Couture, Valentino, Vera Wang, Versace, Versus Versace, Victor Alfaro, Viktor & Rolf, Vivienne Tam, Wink, Yohji Yamamoto"
Fall 2000 Ready To Wear,https://www.vogue.com/fashion-shows/fall-2000-ready-to-wear,"Alberta Ferretti, Alessandro Dell'Acqua, Ann Demeulemeester, Anna Sui, Arkadius, Badgley Mischka, Balenciaga, Balmain, BCBGMaxAzria, Bella Freud, Betsey Johnson, Bottega Veneta, Boudicca, Bruce, Burberry, Calvin Klein Collection, Carolina Herrera, Celine, Cerruti, Chalayan, Chanel, Chloé, Christian Dior, Christian Lacroix, Clements Ribeiro, Comme des Garçons, Costume National, Cynthia Rowley, Daryl K, Diane von Furstenberg, DKNY, Dolce & Gabbana, Donna Karan New York, Dries Van Noten, Elspeth Gibson, Emanuel Ungaro, Emporio Armani, Eric Bergère, Fendi, Genny, Gianfranco Ferré, Giorgio Armani, Givenchy, Gucci, Halston, Helmut Lang, Hermès, Jean Colonna, Jean Paul Gaultier, Jeremy Scott, John Bartlett, John Galliano, Julien Macdonald, Junya Watanabe, Kenzo, Krizia, Lanvin, Lawrence Steele, Loewe, Louis Vuitton, Luca Luca, Luella, Maison Margiela, Marc Jacobs, Mark Eisen, Martine Sitbon, Matthew Williamson, McQueen, Michael Kors Collection, Miguel Adrover, Missoni, Miu Miu, Moschino, Narciso Rodriguez, Nicole Miller, Olivier Theyskens, Oscar de la Renta, Pamela Dennis, Philosophy di Lorenzo Serafini, Prada, Preen by Thornton Bregazzi, Ralph Lauren, Randolph Duke, Richard Tyler, Robert Cary-Williams, Roland Mouret, Ruffo Research, Russell Sage, Saint Laurent, Sonia Rykiel, Thimister, Tommy Hilfiger, Tristan Webber, Trussardi, TSE, Tuleh, Valentino, Vera Wang, Versace, Versus Versace, Victor Alfaro, Vivienne Tam, Wink, Yohji Yamamoto"
Spring 2000 Ready To Wear,https://www.vogue.com/fashion-shows/spring-2000-ready-to-wear,"Alberta Ferretti, Alessandro Dell'Acqua, Ann Demeulemeester, Anna Molinari, Anna Sui, Antonio Berardi, As Four, Badgley Mischka, Balenciaga, Balmain, BCBGMaxAzria, Betsey Johnson, Bill Blass, Blumarine, Bottega Veneta, Bruce, Burberry, Byblos, Calvin Klein Collection, Carolina Herrera, Celine, Cerruti, Chalayan, Chloé, Christian Dior, Christian Lacroix, Clements Ribeiro, Comme des Garçons, Costume National, Cynthia Rowley, Daryl K, DKNY, Dolce & Gabbana, Donna Karan New York, Dries Van Noten, Ellen Tracy, Elspeth Gibson, Emporio Armani, Eric Bergère, Fendi, Genny, Gianfranco Ferré, Giorgio Armani, Givenchy, Gucci, Helmut Lang, Hermès, Iceberg, Jean Colonna, Jean Paul Gaultier, Jeremy Scott, Jil Sander, Jill Stuart, John Bartlett, John Galliano, Julien Macdonald, Junya Watanabe, Lanvin, Lawrence Steele, Loewe, Louis Vuitton, Maison Margiela, Marc Jacobs, Marni, Martine Sitbon, Matt Nye, Matthew Williamson, Max Mara, McQueen, Michael Kors Collection, Missoni, Miu Miu, Moschino, Narciso Rodriguez, Nicole Miller, NYC 2000, Olivier Theyskens, Oscar de la Renta, Philosophy di Lorenzo Serafini, Prada, Ralph Lauren, Randolph Duke, Rebecca Danenberg, Robert Cary-Williams, Ruffo Research, Saint Laurent, Sonia Rykiel, Sportmax, Strenesse, Susan Lazar, Thimister, Tommy Hilfiger, Tristan Webber, TSE, Tuleh, Ungaro Couture, Valentino, Vera Wang, Versace, Versus Versace, Victor Alfaro, Vivienne Tam, Yohji Yamamoto"
